RECORD_ID,MMWR_WEEK,WEEK_START,WEEK_END,INFLUENZA_SEASON,CASES,AGE_0_4_COUNT,AGE_5_17_COUNT,AGE_18_24_COUNT,AGE_25_49_COUNT,AGE_50_64_COUNT,AGE_65_OVER_COUNT,AGE_UNKNOWN_COUNT,AGE_0_4_PCT,AGE_5_17_PCT,AGE_18_24_PCT,AGE_25_49_PCT,AGE_50_64_PCT,AGE_65_OVER_PCT,AGE_UNKNOWN_PCT,WHITE_NON_LATINX_COUNT,BLACK_NON_LATINX_COUNT,LATINX_COUNT,ASIAN_NON_LATINX_COUNT,NHPI_NON_LATINX_COUNT,AIAN_NON_LATINX_COUNT,OTHER_RACE_NON_LATINX_COUNT,UNKNOWN_RACE_ETHNICITY_COUNT,WHITE_NON_LATINX_PCT,BLACK_NON_LATINX_PCT,LATINX_PCT,ASIAN_NON_LATINX_PCT,NHPI_NON_LATINX_PCT,AIAN_NON_LATINX_PCT,OTHER_RACE_NON_LATINX_PCT,UNKNOWN_RACE_ETHNICITY_PCT,FEMALE_COUNT,MALE_COUNT,FEMALE_PCT,MALE_PCT,DEATHS_COUNT,DEATHS_PCT,FLUSHOT_REPORTED,FLUSHOT_COUNT,FLUSHOT_PCT,AH3N2_COUNT,ANOTSUB_COUNT,AH1N1_COUNT,B_COUNT,AH3N2_PCT,ANOTSUB_PCT,AH1N1_PCT,B_PCT
2024-09,9,02/25/2024,03/02/2024,2023-2024,11,0,0,1,2,2,6,0,0.00,0.00,0.09,0.18,0.18,0.55,0.00,4,6,1,0,0,0,0,0,0.36,0.55,0.09,0.00,0.00,0.00,0.00,0.00,5,6,0.45,0.55,1,0.09,6,4,0.67,0,7,1,3,0.00,0.64,0.09,0.27
2024-21,21,05/19/2024,05/25/2024,2023-2024,0,0,0,0,0,0,0,0,0.00,0.00,0.00,0.00,0.00,0.00,0.00,0,0,0,0,0,0,0,0,0.00,0.00,0.00,0.00,0.00,0.00,0.00,0.00,0,0,0.00,0.00,0,0.00,0,0,0.00,0,0,0,0,0.00,0.00,0.00,0.00
2024-10,10,03/03/2024,03/09/2024,2023-2024,8,0,1,0,2,2,3,0,0.00,0.12,0.00,0.25,0.25,0.38,0.00,0,6,1,0,0,0,1,0,0.00,0.75,0.12,0.00,0.00,0.00,0.12,0.00,6,2,0.75,0.25,0,0.00,2,1,0.50,0,5,1,2,0.00,0.62,0.12,0.25
2024-07,7,02/11/2024,02/17/2024,2023-2024,13,0,1,2,5,1,4,0,0.00,0.08,0.15,0.38,0.08,0.31,0.00,1,7,4,1,0,0,0,0,0.08,0.54,0.31,0.08,0.00,0.00,0.00,0.00,10,3,0.77,0.23,1,0.08,6,3,0.50,3,5,1,4,0.23,0.38,0.08,0.31
2024-13,13,03/24/2024,03/30/2024,2023-2024,3,1,0,0,0,1,1,0,0.33,0.00,0.00,0.00,0.33,0.33,0.00,0,2,1,0,0,0,0,0,0.00,0.67,0.33,0.00,0.00,0.00,0.00,0.00,1,2,0.33,0.67,0,0.00,2,2,1.00,1,0,0,2,0.33,0.00,0.00,0.67
2024-15,15,04/07/2024,04/13/2024,2023-2024,6,1,2,0,1,1,1,0,0.17,0.33,0.00,0.17,0.17,0.17,0.00,0,5,1,0,0,0,0,0,0.00,0.83,0.17,0.00,0.00,0.00,0.00,0.00,3,3,0.50,0.50,0,0.00,3,1,0.33,0,3,0,3,0.00,0.50,0.00,0.50
2024-11,11,03/10/2024,03/16/2024,2023-2024,14,1,3,0,3,6,1,0,0.07,0.21,0.00,0.21,0.43,0.07,0.00,2,9,2,1,0,0,0,0,0.14,0.64,0.14,0.07,0.00,0.00,0.00,0.00,7,7,0.50,0.50,1,0.07,9,5,0.56,1,7,2,4,0.07,0.50,0.14,0.29
2024-23,23,06/02/2024,06/08/2024,2023-2024,0,0,0,0,0,0,0,0,0.00,0.00,0.00,0.00,0.00,0.00,0.00,0,0,0,0,0,0,0,0,0.00,0.00,0.00,0.00,0.00,0.00,0.00,0.00,0,0,0.00,0.00,0,0.00,0,0,0.00,0,0,0,0,0.00,0.00,0.00,0.00
2024-14,14,03/31/2024,04/06/2024,2023-2024,3,0,0,0,0,1,2,0,0.00,0.00,0.00,0.00,0.33,0.67,0.00,0,3,0,0,0,0,0,0,0.00,1.00,0.00,0.00,0.00,0.00,0.00,0.00,1,2,0.33,0.67,1,0.33,2,0,0.00,0,3,0,0,0.00,1.00,0.00,0.00
2024-17,17,04/21/2024,04/27/2024,2023-2024,3,1,0,0,0,0,2,0,0.33,0.00,0.00,0.00,0.00,0.67,0.00,1,0,1,0,0,0,0,1,0.33,0.00,0.33,0.00,0.00,0.00,0.00,0.33,2,1,0.67,0.33,1,0.33,1,1,1.00,0,2,0,1,0.00,0.67,0.00,0.33
2024-16,16,04/14/2024,04/20/2024,2023-2024,7,3,1,0,1,1,1,0,0.43,0.14,0.00,0.14,0.14,0.14,0.00,1,4,2,0,0,0,0,0,0.14,0.57,0.29,0.00,0.00,0.00,0.00,0.00,3,4,0.43,0.57,0,0.00,6,2,0.33,1,2,2,2,0.14,0.29,0.29,0.29
2024-19,19,05/05/2024,05/11/2024,2023-2024,2,0,0,1,0,0,1,0,0.00,0.00,0.50,0.00,0.00,0.50,0.00,0,1,0,1,0,0,0,0,0.00,0.50,0.00,0.50,0.00,0.00,0.00,0.00,0,2,0.00,1.00,1,0.50,0,0,0.00,0,1,0,0,0.00,1.00,0.00,0.00
2024-04,4,01/21/2024,01/27/2024,2023-2024,11,0,1,0,1,4,5,0,0.00,0.09,0.00,0.09,0.36,0.45,0.00,1,9,0,0,0,0,0,1,0.09,0.82,0.00,0.00,0.00,0.00,0.00,0.09,6,5,0.55,0.45,2,0.18,6,4,0.67,3,3,3,2,0.27,0.27,0.27,0.18
2024-24,24,06/09/2024,06/15/2024,2023-2024,1,0,0,0,0,1,0,0,0.00,0.00,0.00,0.00,1.00,0.00,0.00,0,1,0,0,0,0,0,0,0.00,1.00,0.00,0.00,0.00,0.00,0.00,0.00,1,0,1.00,0.00,0,0.00,0,0,0.00,0,1,0,0,0.00,1.00,0.00,0.00
2024-18,18,04/28/2024,05/04/2024,2023-2024,1,0,0,0,1,0,0,0,0.00,0.00,0.00,1.00,0.00,0.00,0.00,0,0,1,0,0,0,0,0,0.00,0.00,1.00,0.00,0.00,0.00,0.00,0.00,0,1,0.00,1.00,0,0.00,1,0,0.00,0,1,0,0,0.00,1.00,0.00,0.00
2024-20,20,05/12/2024,05/18/2024,2023-2024,0,0,0,0,0,0,0,0,0.00,0.00,0.00,0.00,0.00,0.00,0.00,0,0,0,0,0,0,0,0,0.00,0.00,0.00,0.00,0.00,0.00,0.00,0.00,0,0,0.00,0.00,0,0.00,0,0,0.00,0,0,0,0,0.00,0.00,0.00,0.00
2024-22,22,05/26/2024,06/01/2024,2023-2024,0,0,0,0,0,0,0,0,0.00,0.00,0.00,0.00,0.00,0.00,0.00,0,0,0,0,0,0,0,0,0.00,0.00,0.00,0.00,0.00,0.00,0.00,0.00,0,0,0.00,0.00,0,0.00,0,0,0.00,0,0,0,0,0.00,0.00,0.00,0.00
2024-08,8,02/18/2024,02/24/2024,2023-2024,9,1,0,0,1,2,5,0,0.11,0.00,0.00,0.11,0.22,0.56,0.00,3,3,1,1,0,0,0,1,0.33,0.33,0.11,0.11,0.00,0.00,0.00,0.11,3,6,0.33,0.67,2,0.22,6,4,0.67,1,4,3,1,0.11,0.44,0.33,0.11
2024-12,12,03/17/2024,03/23/2024,2023-2024,7,0,2,1,1,2,1,0,0.00,0.29,0.14,0.14,0.29,0.14,0.00,1,4,1,0,0,0,1,0,0.14,0.57,0.14,0.00,0.00,0.00,0.14,0.00,3,4,0.43,0.57,2,0.29,5,3,0.60,3,1,2,1,0.43,0.14,0.29,0.14
2024-25,25,06/16/2024,06/22/2024,2023-2024,0,0,0,0,0,0,0,0,0.00,0.00,0.00,0.00,0.00,0.00,0.00,0,0,0,0,0,0,0,0,0.00,0.00,0.00,0.00,0.00,0.00,0.00,0.00,0,0,0.00,0.00,0,0.00,0,0,0.00,0,0,0,0,0.00,0.00,0.00,0.00
2024-26,26,06/23/2024,06/29/2024,2023-2024,0,0,0,0,0,0,0,0,0.00,0.00,0.00,0.00,0.00,0.00,0.00,0,0,0,0,0,0,0,0,0.00,0.00,0.00,0.00,0.00,0.00,0.00,0.00,0,0,0.00,0.00,0,0.00,0,0,0.00,0,0,0,0,0.00,0.00,0.00,0.00
2024-27,27,06/30/2024,07/06/2024,2023-2024,1,0,0,0,0,1,0,0,0.00,0.00,0.00,0.00,1.00,0.00,0.00,0,0,1,0,0,0,0,0,0.00,0.00,1.00,0.00,0.00,0.00,0.00,0.00,0,1,0.00,1.00,0,0.00,0,0,0.00,0,1,0,0,0.00,1.00,0.00,0.00
2024-28,28,07/07/2024,07/13/2024,2023-2024,0,0,0,0,0,0,0,0,0.00,0.00,0.00,0.00,0.00,0.00,0.00,0,0,0,0,0,0,0,0,0.00,0.00,0.00,0.00,0.00,0.00,0.00,0.00,0,0,0.00,0.00,0,0.00,0,0,0.00,0,0,0,0,0.00,0.00,0.00,0.00
2015-40,40,10/04/2015,10/10/2015,2015-2016,0,0,0,0,0,0,0,0,0.00,0.00,0.00,0.00,0.00,0.00,0.00,0,0,0,0,0,0,0,0,0.00,0.00,0.00,0.00,0.00,0.00,0.00,0.00,0,0,0.00,0.00,0,0.00,0,0,0.00,0,0,0,0,0.00,0.00,0.00,0.00
2015-41,41,10/11/2015,10/17/2015,2015-2016,1,0,0,0,0,1,0,0,0.00,0.00,0.00,0.00,1.00,0.00,0.00,1,0,0,0,0,0,0,0,1.00,0.00,0.00,0.00,0.00,0.00,0.00,0.00,0,1,0.00,1.00,0,0.00,1,0,0.00,0,0,1,0,0.00,0.00,1.00,0.00
2015-42,42,10/18/2015,10/24/2015,2015-2016,0,0,0,0,0,0,0,0,0.00,0.00,0.00,0.00,0.00,0.00,0.00,0,0,0,0,0,0,0,0,0.00,0.00,0.00,0.00,0.00,0.00,0.00,0.00,0,0,0.00,0.00,0,0.00,0,0,0.00,0,0,0,0,0.00,0.00,0.00,0.00
2015-43,43,10/25/2015,10/31/2015,2015-2016,1,0,0,0,0,0,1,0,0.00,0.00,0.00,0.00,0.00,1.00,0.00,0,0,1,0,0,0,0,0,0.00,0.00,1.00,0.00,0.00,0.00,0.00,0.00,0,1,0.00,1.00,1,1.00,1,1,1.00,0,1,0,0,0.00,1.00,0.00,0.00
2015-44,44,11/01/2015,11/07/2015,2015-2016,1,0,0,0,1,0,0,0,0.00,0.00,0.00,1.00,0.00,0.00,0.00,1,0,0,0,0,0,0,0,1.00,0.00,0.00,0.00,0.00,0.00,0.00,0.00,1,0,1.00,0.00,0,0.00,0,0,0.00,0,1,0,0,0.00,1.00,0.00,0.00
2015-45,45,11/08/2015,11/14/2015,2015-2016,2,0,0,0,0,0,2,0,0.00,0.00,0.00,0.00,0.00,1.00,0.00,0,2,0,0,0,0,0,0,0.00,1.00,0.00,0.00,0.00,0.00,0.00,0.00,2,0,1.00,0.00,1,0.50,1,0,0.00,1,1,0,0,0.50,0.50,0.00,0.00
2015-46,46,11/15/2015,11/21/2015,2015-2016,1,1,0,0,0,0,0,0,1.00,0.00,0.00,0.00,0.00,0.00,0.00,0,0,1,0,0,0,0,0,0.00,0.00,1.00,0.00,0.00,0.00,0.00,0.00,0,1,0.00,1.00,0,0.00,1,1,1.00,0,1,0,0,0.00,1.00,0.00,0.00
2015-47,47,11/22/2015,11/28/2015,2015-2016,0,0,0,0,0,0,0,0,0.00,0.00,0.00,0.00,0.00,0.00,0.00,0,0,0,0,0,0,0,0,0.00,0.00,0.00,0.00,0.00,0.00,0.00,0.00,0,0,0.00,0.00,0,0.00,0,0,0.00,0,0,0,0,0.00,0.00,0.00,0.00
2015-48,48,11/29/2015,12/05/2015,2015-2016,0,0,0,0,0,0,0,0,0.00,0.00,0.00,0.00,0.00,0.00,0.00,0,0,0,0,0,0,0,0,0.00,0.00,0.00,0.00,0.00,0.00,0.00,0.00,0,0,0.00,0.00,0,0.00,0,0,0.00,0,0,0,0,0.00,0.00,0.00,0.00
2015-49,49,12/06/2015,12/12/2015,2015-2016,0,0,0,0,0,0,0,0,0.00,0.00,0.00,0.00,0.00,0.00,0.00,0,0,0,0,0,0,0,0,0.00,0.00,0.00,0.00,0.00,0.00,0.00,0.00,0,0,0.00,0.00,0,0.00,0,0,0.00,0,0,0,0,0.00,0.00,0.00,0.00
2015-50,50,12/13/2015,12/19/2015,2015-2016,2,0,0,0,1,0,1,0,0.00,0.00,0.00,0.50,0.00,0.50,0.00,0,2,0,0,0,0,0,0,0.00,1.00,0.00,0.00,0.00,0.00,0.00,0.00,0,2,0.00,1.00,0,0.00,1,0,0.00,0,2,0,0,0.00,1.00,0.00,0.00
2015-51,51,12/20/2015,12/26/2015,2015-2016,4,0,0,0,2,0,2,0,0.00,0.00,0.00,0.50,0.00,0.50,0.00,2,1,0,1,0,0,0,0,0.50,0.25,0.00,0.25,0.00,0.00,0.00,0.00,1,3,0.25,0.75,0,0.00,4,1,0.25,0,1,3,0,0.00,0.25,0.75,0.00
2015-52,52,12/27/2015,01/02/2016,2015-2016,2,0,0,0,0,1,1,0,0.00,0.00,0.00,0.00,0.50,0.50,0.00,1,1,0,0,0,0,0,0,0.50,0.50,0.00,0.00,0.00,0.00,0.00,0.00,0,2,0.00,1.00,0,0.00,2,1,0.50,1,1,0,0,0.50,0.50,0.00,0.00
2016-01,1,01/03/2016,01/09/2016,2015-2016,3,0,0,0,2,0,1,0,0.00,0.00,0.00,0.67,0.00,0.33,0.00,0,1,0,0,0,0,1,1,0.00,0.33,0.00,0.00,0.00,0.00,0.33,0.33,1,2,0.33,0.67,0,0.00,2,1,0.50,0,1,2,0,0.00,0.33,0.67,0.00
2016-02,2,01/10/2016,01/16/2016,2015-2016,7,0,1,0,2,2,2,0,0.00,0.14,0.00,0.29,0.29,0.29,0.00,2,4,1,0,0,0,0,0,0.29,0.57,0.14,0.00,0.00,0.00,0.00,0.00,0,7,0.00,1.00,0,0.00,3,1,0.33,0,4,3,0,0.00,0.57,0.43,0.00
2016-03,3,01/17/2016,01/23/2016,2015-2016,5,0,0,1,0,3,1,0,0.00,0.00,0.20,0.00,0.60,0.20,0.00,2,2,1,0,0,0,0,0,0.40,0.40,0.20,0.00,0.00,0.00,0.00,0.00,2,3,0.40,0.60,0,0.00,3,2,0.67,0,4,1,0,0.00,0.80,0.20,0.00
2016-04,4,01/24/2016,01/30/2016,2015-2016,15,0,2,0,6,4,3,0,0.00,0.13,0.00,0.40,0.27,0.20,0.00,6,8,1,0,0,0,0,0,0.40,0.53,0.07,0.00,0.00,0.00,0.00,0.00,6,9,0.40,0.60,5,0.33,11,0,0.00,1,6,8,0,0.07,0.40,0.53,0.00
2016-05,5,01/31/2016,02/06/2016,2015-2016,9,2,1,0,3,2,1,0,0.22,0.11,0.00,0.33,0.22,0.11,0.00,1,5,3,0,0,0,0,0,0.11,0.56,0.33,0.00,0.00,0.00,0.00,0.00,5,4,0.56,0.44,0,0.00,8,2,0.25,0,3,6,0,0.00,0.33,0.67,0.00
2016-06,6,02/07/2016,02/13/2016,2015-2016,22,0,1,4,1,6,10,0,0.00,0.05,0.18,0.05,0.27,0.45,0.00,5,12,3,2,0,0,0,0,0.23,0.55,0.14,0.09,0.00,0.00,0.00,0.00,12,10,0.55,0.45,1,0.05,17,5,0.29,0,6,16,0,0.00,0.27,0.73,0.00
2016-07,7,02/14/2016,02/20/2016,2015-2016,29,2,1,2,8,10,6,0,0.07,0.03,0.07,0.28,0.34,0.21,0.00,5,19,5,0,0,0,0,0,0.17,0.66,0.17,0.00,0.00,0.00,0.00,0.00,16,13,0.55,0.45,0,0.00,25,12,0.48,2,10,17,0,0.07,0.34,0.59,0.00
2016-08,8,02/21/2016,02/27/2016,2015-2016,36,4,5,0,7,12,8,0,0.11,0.14,0.00,0.19,0.33,0.22,0.00,9,22,4,0,0,0,1,0,0.25,0.61,0.11,0.00,0.00,0.00,0.03,0.00,15,21,0.42,0.58,3,0.08,26,6,0.23,1,15,19,1,0.03,0.42,0.53,0.03
2016-09,9,02/28/2016,03/05/2016,2015-2016,30,3,1,2,7,5,12,0,0.10,0.03,0.07,0.23,0.17,0.40,0.00,10,11,7,0,0,0,1,1,0.33,0.37,0.23,0.00,0.00,0.00,0.03,0.03,13,17,0.43,0.57,2,0.07,26,8,0.31,0,11,16,3,0.00,0.37,0.53,0.10
2016-10,10,03/06/2016,03/12/2016,2015-2016,37,4,3,1,7,12,10,0,0.11,0.08,0.03,0.19,0.32,0.27,0.00,5,20,9,2,0,0,0,1,0.14,0.54,0.24,0.05,0.00,0.00,0.00,0.03,12,25,0.32,0.68,3,0.08,26,9,0.35,1,16,20,0,0.03,0.43,0.54,0.00
2016-11,11,03/13/2016,03/19/2016,2015-2016,21,0,1,1,4,3,12,0,0.00,0.05,0.05,0.19,0.14,0.57,0.00,6,7,6,1,0,0,1,0,0.29,0.33,0.29,0.05,0.00,0.00,0.05,0.00,11,10,0.52,0.48,1,0.05,13,5,0.38,1,12,8,0,0.05,0.57,0.38,0.00
2016-12,12,03/20/2016,03/26/2016,2015-2016,15,0,1,0,5,6,3,0,0.00,0.07,0.00,0.33,0.40,0.20,0.00,4,7,3,1,0,0,0,0,0.27,0.47,0.20,0.07,0.00,0.00,0.00,0.00,8,7,0.53,0.47,2,0.13,10,6,0.60,1,1,9,4,0.07,0.07,0.60,0.27
2016-13,13,03/27/2016,04/02/2016,2015-2016,9,1,2,0,1,3,2,0,0.11,0.22,0.00,0.11,0.33,0.22,0.00,2,1,5,1,0,0,0,0,0.22,0.11,0.56,0.11,0.00,0.00,0.00,0.00,3,6,0.33,0.67,0,0.00,6,4,0.67,0,4,4,1,0.00,0.44,0.44,0.11
2016-14,14,04/03/2016,04/09/2016,2015-2016,3,0,0,0,0,0,3,0,0.00,0.00,0.00,0.00,0.00,1.00,0.00,2,1,0,0,0,0,0,0,0.67,0.33,0.00,0.00,0.00,0.00,0.00,0.00,0,3,0.00,1.00,0,0.00,2,1,0.50,0,2,0,1,0.00,0.67,0.00,0.33
2016-15,15,04/10/2016,04/16/2016,2015-2016,2,0,0,0,0,1,1,0,0.00,0.00,0.00,0.00,0.50,0.50,0.00,2,0,0,0,0,0,0,0,1.00,0.00,0.00,0.00,0.00,0.00,0.00,0.00,2,0,1.00,0.00,0,0.00,2,2,1.00,0,0,1,1,0.00,0.00,0.50,0.50
2016-16,16,04/17/2016,04/23/2016,2015-2016,7,1,0,1,1,1,3,0,0.14,0.00,0.14,0.14,0.14,0.43,0.00,4,1,2,0,0,0,0,0,0.57,0.14,0.29,0.00,0.00,0.00,0.00,0.00,3,4,0.43,0.57,0,0.00,7,2,0.29,0,1,2,4,0.00,0.14,0.29,0.57
2016-17,17,04/24/2016,04/30/2016,2015-2016,5,0,0,1,1,0,3,0,0.00,0.00,0.20,0.20,0.00,0.60,0.00,4,0,1,0,0,0,0,0,0.80,0.00,0.20,0.00,0.00,0.00,0.00,0.00,3,2,0.60,0.40,0,0.00,4,2,0.50,1,0,0,4,0.20,0.00,0.00,0.80
2016-18,18,05/01/2016,05/07/2016,2015-2016,2,0,0,0,0,1,1,0,0.00,0.00,0.00,0.00,0.50,0.50,0.00,1,0,1,0,0,0,0,0,0.50,0.00,0.50,0.00,0.00,0.00,0.00,0.00,1,1,0.50,0.50,0,0.00,0,0,0.00,0,0,0,2,0.00,0.00,0.00,1.00
2016-19,19,05/08/2016,05/14/2016,2015-2016,2,0,0,1,0,1,0,0,0.00,0.00,0.50,0.00,0.50,0.00,0.00,0,2,0,0,0,0,0,0,0.00,1.00,0.00,0.00,0.00,0.00,0.00,0.00,1,1,0.50,0.50,0,0.00,0,0,0.00,0,0,1,1,0.00,0.00,0.50,0.50
2016-20,20,05/15/2016,05/21/2016,2015-2016,2,0,0,0,1,1,0,0,0.00,0.00,0.00,0.50,0.50,0.00,0.00,1,1,0,0,0,0,0,0,0.50,0.50,0.00,0.00,0.00,0.00,0.00,0.00,2,0,1.00,0.00,0,0.00,1,0,0.00,0,2,0,0,0.00,1.00,0.00,0.00
2016-21,21,05/22/2016,05/28/2016,2015-2016,0,0,0,0,0,0,0,0,0.00,0.00,0.00,0.00,0.00,0.00,0.00,0,0,0,0,0,0,0,0,0.00,0.00,0.00,0.00,0.00,0.00,0.00,0.00,0,0,0.00,0.00,0,0.00,0,0,0.00,0,0,0,0,0.00,0.00,0.00,0.00
2016-22,22,05/29/2016,06/04/2016,2015-2016,0,0,0,0,0,0,0,0,0.00,0.00,0.00,0.00,0.00,0.00,0.00,0,0,0,0,0,0,0,0,0.00,0.00,0.00,0.00,0.00,0.00,0.00,0.00,0,0,0.00,0.00,0,0.00,0,0,0.00,0,0,0,0,0.00,0.00,0.00,0.00
2016-23,23,06/05/2016,06/11/2016,2015-2016,2,0,0,0,1,0,1,0,0.00,0.00,0.00,0.50,0.00,0.50,0.00,1,0,1,0,0,0,0,0,0.50,0.00,0.50,0.00,0.00,0.00,0.00,0.00,0,2,0.00,1.00,0,0.00,1,0,0.00,0,1,0,1,0.00,0.50,0.00,0.50
2016-24,24,06/12/2016,06/18/2016,2015-2016,0,0,0,0,0,0,0,0,0.00,0.00,0.00,0.00,0.00,0.00,0.00,0,0,0,0,0,0,0,0,0.00,0.00,0.00,0.00,0.00,0.00,0.00,0.00,0,0,0.00,0.00,0,0.00,0,0,0.00,0,0,0,0,0.00,0.00,0.00,0.00
2016-25,25,06/19/2016,06/25/2016,2015-2016,0,0,0,0,0,0,0,0,0.00,0.00,0.00,0.00,0.00,0.00,0.00,0,0,0,0,0,0,0,0,0.00,0.00,0.00,0.00,0.00,0.00,0.00,0.00,0,0,0.00,0.00,0,0.00,0,0,0.00,0,0,0,0,0.00,0.00,0.00,0.00
2016-26,26,06/26/2016,07/02/2016,2015-2016,0,0,0,0,0,0,0,0,0.00,0.00,0.00,0.00,0.00,0.00,0.00,0,0,0,0,0,0,0,0,0.00,0.00,0.00,0.00,0.00,0.00,0.00,0.00,0,0,0.00,0.00,0,0.00,0,0,0.00,0,0,0,0,0.00,0.00,0.00,0.00
2016-27,27,07/03/2016,07/09/2016,2015-2016,0,0,0,0,0,0,0,0,0.00,0.00,0.00,0.00,0.00,0.00,0.00,0,0,0,0,0,0,0,0,0.00,0.00,0.00,0.00,0.00,0.00,0.00,0.00,0,0,0.00,0.00,0,0.00,0,0,0.00,0,0,0,0,0.00,0.00,0.00,0.00
2016-28,28,07/10/2016,07/16/2016,2015-2016,0,0,0,0,0,0,0,0,0.00,0.00,0.00,0.00,0.00,0.00,0.00,0,0,0,0,0,0,0,0,0.00,0.00,0.00,0.00,0.00,0.00,0.00,0.00,0,0,0.00,0.00,0,0.00,0,0,0.00,0,0,0,0,0.00,0.00,0.00,0.00
2016-29,29,07/17/2016,07/23/2016,2015-2016,0,0,0,0,0,0,0,0,0.00,0.00,0.00,0.00,0.00,0.00,0.00,0,0,0,0,0,0,0,0,0.00,0.00,0.00,0.00,0.00,0.00,0.00,0.00,0,0,0.00,0.00,0,0.00,0,0,0.00,0,0,0,0,0.00,0.00,0.00,0.00
2016-30,30,07/24/2016,07/30/2016,2015-2016,0,0,0,0,0,0,0,0,0.00,0.00,0.00,0.00,0.00,0.00,0.00,0,0,0,0,0,0,0,0,0.00,0.00,0.00,0.00,0.00,0.00,0.00,0.00,0,0,0.00,0.00,0,0.00,0,0,0.00,0,0,0,0,0.00,0.00,0.00,0.00
2016-31,31,07/31/2016,08/06/2016,2015-2016,0,0,0,0,0,0,0,0,0.00,0.00,0.00,0.00,0.00,0.00,0.00,0,0,0,0,0,0,0,0,0.00,0.00,0.00,0.00,0.00,0.00,0.00,0.00,0,0,0.00,0.00,0,0.00,0,0,0.00,0,0,0,0,0.00,0.00,0.00,0.00
2016-32,32,08/07/2016,08/13/2016,2015-2016,0,0,0,0,0,0,0,0,0.00,0.00,0.00,0.00,0.00,0.00,0.00,0,0,0,0,0,0,0,0,0.00,0.00,0.00,0.00,0.00,0.00,0.00,0.00,0,0,0.00,0.00,0,0.00,0,0,0.00,0,0,0,0,0.00,0.00,0.00,0.00
2016-33,33,08/14/2016,08/20/2016,2015-2016,0,0,0,0,0,0,0,0,0.00,0.00,0.00,0.00,0.00,0.00,0.00,0,0,0,0,0,0,0,0,0.00,0.00,0.00,0.00,0.00,0.00,0.00,0.00,0,0,0.00,0.00,0,0.00,0,0,0.00,0,0,0,0,0.00,0.00,0.00,0.00
2016-34,34,08/21/2016,08/27/2016,2015-2016,0,0,0,0,0,0,0,0,0.00,0.00,0.00,0.00,0.00,0.00,0.00,0,0,0,0,0,0,0,0,0.00,0.00,0.00,0.00,0.00,0.00,0.00,0.00,0,0,0.00,0.00,0,0.00,0,0,0.00,0,0,0,0,0.00,0.00,0.00,0.00
2016-35,35,08/28/2016,09/03/2016,2015-2016,0,0,0,0,0,0,0,0,0.00,0.00,0.00,0.00,0.00,0.00,0.00,0,0,0,0,0,0,0,0,0.00,0.00,0.00,0.00,0.00,0.00,0.00,0.00,0,0,0.00,0.00,0,0.00,0,0,0.00,0,0,0,0,0.00,0.00,0.00,0.00
2016-36,36,09/04/2016,09/10/2016,2015-2016,0,0,0,0,0,0,0,0,0.00,0.00,0.00,0.00,0.00,0.00,0.00,0,0,0,0,0,0,0,0,0.00,0.00,0.00,0.00,0.00,0.00,0.00,0.00,0,0,0.00,0.00,0,0.00,0,0,0.00,0,0,0,0,0.00,0.00,0.00,0.00
2016-37,37,09/11/2016,09/17/2016,2015-2016,1,0,0,0,0,0,1,0,0.00,0.00,0.00,0.00,0.00,1.00,0.00,0,0,1,0,0,0,0,0,0.00,0.00,1.00,0.00,0.00,0.00,0.00,0.00,0,1,0.00,1.00,1,1.00,1,0,0.00,0,0,0,1,0.00,0.00,0.00,1.00
2016-38,38,09/18/2016,09/24/2016,2015-2016,0,0,0,0,0,0,0,0,0.00,0.00,0.00,0.00,0.00,0.00,0.00,0,0,0,0,0,0,0,0,0.00,0.00,0.00,0.00,0.00,0.00,0.00,0.00,0,0,0.00,0.00,0,0.00,0,0,0.00,0,0,0,0,0.00,0.00,0.00,0.00
2016-39,39,09/25/2016,10/01/2016,2015-2016,2,0,0,0,1,1,0,0,0.00,0.00,0.00,0.50,0.50,0.00,0.00,0,1,1,0,0,0,0,0,0.00,0.50,0.50,0.00,0.00,0.00,0.00,0.00,0,2,0.00,1.00,0,0.00,2,0,0.00,0,2,0,0,0.00,1.00,0.00,0.00
2016-40,40,10/02/2016,10/08/2016,2016-2017,2,0,0,0,1,1,0,0,0.00,0.00,0.00,0.50,0.50,0.00,0.00,0,1,1,0,0,0,0,0,0.00,0.50,0.50,0.00,0.00,0.00,0.00,0.00,1,1,0.50,0.50,0,0.00,2,0,0.00,0,1,0,1,0.00,0.50,0.00,0.50
2016-41,41,10/09/2016,10/15/2016,2016-2017,0,0,0,0,0,0,0,0,0.00,0.00,0.00,0.00,0.00,0.00,0.00,0,0,0,0,0,0,0,0,0.00,0.00,0.00,0.00,0.00,0.00,0.00,0.00,0,0,0.00,0.00,0,0.00,0,0,0.00,0,0,0,0,0.00,0.00,0.00,0.00
2016-42,42,10/16/2016,10/22/2016,2016-2017,0,0,0,0,0,0,0,0,0.00,0.00,0.00,0.00,0.00,0.00,0.00,0,0,0,0,0,0,0,0,0.00,0.00,0.00,0.00,0.00,0.00,0.00,0.00,0,0,0.00,0.00,0,0.00,0,0,0.00,0,0,0,0,0.00,0.00,0.00,0.00
2016-43,43,10/23/2016,10/29/2016,2016-2017,0,0,0,0,0,0,0,0,0.00,0.00,0.00,0.00,0.00,0.00,0.00,0,0,0,0,0,0,0,0,0.00,0.00,0.00,0.00,0.00,0.00,0.00,0.00,0,0,0.00,0.00,0,0.00,0,0,0.00,0,0,0,0,0.00,0.00,0.00,0.00
2016-44,44,10/30/2016,11/05/2016,2016-2017,0,0,0,0,0,0,0,0,0.00,0.00,0.00,0.00,0.00,0.00,0.00,0,0,0,0,0,0,0,0,0.00,0.00,0.00,0.00,0.00,0.00,0.00,0.00,0,0,0.00,0.00,0,0.00,0,0,0.00,0,0,0,0,0.00,0.00,0.00,0.00
2016-45,45,11/06/2016,11/12/2016,2016-2017,1,0,0,0,0,0,1,0,0.00,0.00,0.00,0.00,0.00,1.00,0.00,1,0,0,0,0,0,0,0,1.00,0.00,0.00,0.00,0.00,0.00,0.00,0.00,1,0,1.00,0.00,0,0.00,1,1,1.00,0,0,0,1,0.00,0.00,0.00,1.00
2016-46,46,11/13/2016,11/19/2016,2016-2017,1,0,0,0,0,1,0,0,0.00,0.00,0.00,0.00,1.00,0.00,0.00,0,0,0,1,0,0,0,0,0.00,0.00,0.00,1.00,0.00,0.00,0.00,0.00,0,1,0.00,1.00,0,0.00,0,0,0.00,0,1,0,0,0.00,1.00,0.00,0.00
2016-47,47,11/20/2016,11/26/2016,2016-2017,0,0,0,0,0,0,0,0,0.00,0.00,0.00,0.00,0.00,0.00,0.00,0,0,0,0,0,0,0,0,0.00,0.00,0.00,0.00,0.00,0.00,0.00,0.00,0,0,0.00,0.00,0,0.00,0,0,0.00,0,0,0,0,0.00,0.00,0.00,0.00
2016-48,48,11/27/2016,12/03/2016,2016-2017,0,0,0,0,0,0,0,0,0.00,0.00,0.00,0.00,0.00,0.00,0.00,0,0,0,0,0,0,0,0,0.00,0.00,0.00,0.00,0.00,0.00,0.00,0.00,0,0,0.00,0.00,0,0.00,0,0,0.00,0,0,0,0,0.00,0.00,0.00,0.00
2016-49,49,12/04/2016,12/10/2016,2016-2017,1,0,0,0,1,0,0,0,0.00,0.00,0.00,1.00,0.00,0.00,0.00,0,1,0,0,0,0,0,0,0.00,1.00,0.00,0.00,0.00,0.00,0.00,0.00,0,1,0.00,1.00,0,0.00,1,0,0.00,1,0,0,0,1.00,0.00,0.00,0.00
2016-50,50,12/11/2016,12/17/2016,2016-2017,0,0,0,0,0,0,0,0,0.00,0.00,0.00,0.00,0.00,0.00,0.00,0,0,0,0,0,0,0,0,0.00,0.00,0.00,0.00,0.00,0.00,0.00,0.00,0,0,0.00,0.00,0,0.00,0,0,0.00,0,0,0,0,0.00,0.00,0.00,0.00
2016-51,51,12/18/2016,12/24/2016,2016-2017,1,0,0,0,0,0,1,0,0.00,0.00,0.00,0.00,0.00,1.00,0.00,0,0,1,0,0,0,0,0,0.00,0.00,1.00,0.00,0.00,0.00,0.00,0.00,1,0,1.00,0.00,0,0.00,1,1,1.00,0,0,0,1,0.00,0.00,0.00,1.00
2016-52,52,12/25/2016,12/31/2016,2016-2017,2,0,0,0,0,0,2,0,0.00,0.00,0.00,0.00,0.00,1.00,0.00,1,0,0,1,0,0,0,0,0.50,0.00,0.00,0.50,0.00,0.00,0.00,0.00,2,0,1.00,0.00,0,0.00,1,1,1.00,2,0,0,0,1.00,0.00,0.00,0.00
2017-01,1,01/01/2017,01/07/2017,2016-2017,6,0,1,1,0,3,1,0,0.00,0.17,0.17,0.00,0.50,0.17,0.00,1,3,2,0,0,0,0,0,0.17,0.50,0.33,0.00,0.00,0.00,0.00,0.00,6,0,1.00,0.00,0,0.00,3,3,1.00,4,1,0,1,0.67,0.17,0.00,0.17
2017-02,2,01/08/2017,01/14/2017,2016-2017,8,0,1,0,3,0,4,0,0.00,0.12,0.00,0.38,0.00,0.50,0.00,3,3,2,0,0,0,0,0,0.38,0.38,0.25,0.00,0.00,0.00,0.00,0.00,4,4,0.50,0.50,1,0.12,6,3,0.50,4,2,0,2,0.50,0.25,0.00,0.25
2017-03,3,01/15/2017,01/21/2017,2016-2017,10,1,0,0,0,4,5,0,0.10,0.00,0.00,0.00,0.40,0.50,0.00,4,3,3,0,0,0,0,0,0.40,0.30,0.30,0.00,0.00,0.00,0.00,0.00,6,4,0.60,0.40,0,0.00,8,5,0.62,2,6,0,2,0.20,0.60,0.00,0.20
2017-04,4,01/22/2017,01/28/2017,2016-2017,20,0,1,0,1,2,16,0,0.00,0.05,0.00,0.05,0.10,0.80,0.00,8,6,5,1,0,0,0,0,0.40,0.30,0.25,0.05,0.00,0.00,0.00,0.00,10,10,0.50,0.50,3,0.15,18,13,0.72,9,8,0,3,0.45,0.40,0.00,0.15
2017-05,5,01/29/2017,02/04/2017,2016-2017,9,2,2,0,1,1,3,0,0.22,0.22,0.00,0.11,0.11,0.33,0.00,3,2,3,1,0,0,0,0,0.33,0.22,0.33,0.11,0.00,0.00,0.00,0.00,5,4,0.56,0.44,0,0.00,7,4,0.57,4,3,0,2,0.44,0.33,0.00,0.22
2017-06,6,02/05/2017,02/11/2017,2016-2017,22,3,3,0,1,6,9,0,0.14,0.14,0.00,0.05,0.27,0.41,0.00,6,6,9,1,0,0,0,0,0.27,0.27,0.41,0.05,0.00,0.00,0.00,0.00,9,13,0.41,0.59,2,0.09,14,8,0.57,12,6,0,4,0.55,0.27,0.00,0.18
2017-07,7,02/12/2017,02/18/2017,2016-2017,32,3,5,2,7,5,10,0,0.09,0.16,0.06,0.22,0.16,0.31,0.00,6,13,11,2,0,0,0,0,0.19,0.41,0.34,0.06,0.00,0.00,0.00,0.00,22,10,0.69,0.31,2,0.06,21,13,0.62,20,7,0,5,0.62,0.22,0.00,0.16
2017-08,8,02/19/2017,02/25/2017,2016-2017,33,2,2,0,4,7,18,0,0.06,0.06,0.00,0.12,0.21,0.55,0.00,13,9,9,2,0,0,0,0,0.39,0.27,0.27,0.06,0.00,0.00,0.00,0.00,17,16,0.52,0.48,1,0.03,24,14,0.58,12,9,1,11,0.36,0.27,0.03,0.33
2017-09,9,02/26/2017,03/04/2017,2016-2017,27,4,3,1,5,7,7,0,0.15,0.11,0.04,0.19,0.26,0.26,0.00,8,14,4,1,0,0,0,0,0.30,0.52,0.15,0.04,0.00,0.00,0.00,0.00,12,15,0.44,0.56,1,0.04,19,10,0.53,7,8,0,12,0.26,0.30,0.00,0.44
2017-10,10,03/05/2017,03/11/2017,2016-2017,23,1,6,1,1,3,11,0,0.04,0.26,0.04,0.04,0.13,0.48,0.00,3,10,7,3,0,0,0,0,0.13,0.43,0.30,0.13,0.00,0.00,0.00,0.00,9,14,0.39,0.61,2,0.09,17,7,0.41,9,6,0,8,0.39,0.26,0.00,0.35
2017-11,11,03/12/2017,03/18/2017,2016-2017,16,6,0,0,3,3,4,0,0.38,0.00,0.00,0.19,0.19,0.25,0.00,4,9,3,0,0,0,0,0,0.25,0.56,0.19,0.00,0.00,0.00,0.00,0.00,8,8,0.50,0.50,0,0.00,9,4,0.44,7,4,0,5,0.44,0.25,0.00,0.31
2017-12,12,03/19/2017,03/25/2017,2016-2017,15,1,4,0,1,4,5,0,0.07,0.27,0.00,0.07,0.27,0.33,0.00,6,5,4,0,0,0,0,0,0.40,0.33,0.27,0.00,0.00,0.00,0.00,0.00,7,8,0.47,0.53,0,0.00,10,6,0.60,4,5,0,6,0.27,0.33,0.00,0.40
2017-13,13,03/26/2017,04/01/2017,2016-2017,22,1,1,1,2,8,9,0,0.05,0.05,0.05,0.09,0.36,0.41,0.00,9,7,5,1,0,0,0,0,0.41,0.32,0.23,0.05,0.00,0.00,0.00,0.00,13,9,0.59,0.41,1,0.05,15,11,0.73,5,4,1,12,0.23,0.18,0.05,0.55
2017-14,14,04/02/2017,04/08/2017,2016-2017,6,3,0,0,0,1,2,0,0.50,0.00,0.00,0.00,0.17,0.33,0.00,1,2,3,0,0,0,0,0,0.17,0.33,0.50,0.00,0.00,0.00,0.00,0.00,4,2,0.67,0.33,0,0.00,4,2,0.50,3,2,0,1,0.50,0.33,0.00,0.17
2017-15,15,04/09/2017,04/15/2017,2016-2017,6,0,1,0,0,2,3,0,0.00,0.17,0.00,0.00,0.33,0.50,0.00,1,3,2,0,0,0,0,0,0.17,0.50,0.33,0.00,0.00,0.00,0.00,0.00,2,4,0.33,0.67,0,0.00,4,3,0.75,3,1,0,2,0.50,0.17,0.00,0.33
2017-16,16,04/16/2017,04/22/2017,2016-2017,4,1,0,0,0,0,3,0,0.25,0.00,0.00,0.00,0.00,0.75,0.00,2,2,0,0,0,0,0,0,0.50,0.50,0.00,0.00,0.00,0.00,0.00,0.00,2,2,0.50,0.50,0,0.00,1,0,0.00,1,1,0,2,0.25,0.25,0.00,0.50
2017-17,17,04/23/2017,04/29/2017,2016-2017,5,0,0,0,0,2,3,0,0.00,0.00,0.00,0.00,0.40,0.60,0.00,0,2,2,1,0,0,0,0,0.00,0.40,0.40,0.20,0.00,0.00,0.00,0.00,2,3,0.40,0.60,0,0.00,1,1,1.00,0,0,0,5,0.00,0.00,0.00,1.00
2017-18,18,04/30/2017,05/06/2017,2016-2017,2,0,0,0,1,0,1,0,0.00,0.00,0.00,0.50,0.00,0.50,0.00,1,1,0,0,0,0,0,0,0.50,0.50,0.00,0.00,0.00,0.00,0.00,0.00,0,2,0.00,1.00,1,0.50,1,1,1.00,0,0,0,2,0.00,0.00,0.00,1.00
2017-19,19,05/07/2017,05/13/2017,2016-2017,2,0,1,0,0,0,1,0,0.00,0.50,0.00,0.00,0.00,0.50,0.00,2,0,0,0,0,0,0,0,1.00,0.00,0.00,0.00,0.00,0.00,0.00,0.00,2,0,1.00,0.00,0,0.00,2,2,1.00,1,0,0,1,0.50,0.00,0.00,0.50
2017-20,20,05/14/2017,05/20/2017,2016-2017,0,0,0,0,0,0,0,0,0.00,0.00,0.00,0.00,0.00,0.00,0.00,0,0,0,0,0,0,0,0,0.00,0.00,0.00,0.00,0.00,0.00,0.00,0.00,0,0,0.00,0.00,0,0.00,0,0,0.00,0,0,0,0,0.00,0.00,0.00,0.00
2017-21,21,05/21/2017,05/27/2017,2016-2017,0,0,0,0,0,0,0,0,0.00,0.00,0.00,0.00,0.00,0.00,0.00,0,0,0,0,0,0,0,0,0.00,0.00,0.00,0.00,0.00,0.00,0.00,0.00,0,0,0.00,0.00,0,0.00,0,0,0.00,0,0,0,0,0.00,0.00,0.00,0.00
2017-22,22,05/28/2017,06/03/2017,2016-2017,0,0,0,0,0,0,0,0,0.00,0.00,0.00,0.00,0.00,0.00,0.00,0,0,0,0,0,0,0,0,0.00,0.00,0.00,0.00,0.00,0.00,0.00,0.00,0,0,0.00,0.00,0,0.00,0,0,0.00,0,0,0,0,0.00,0.00,0.00,0.00
2017-23,23,06/04/2017,06/10/2017,2016-2017,0,0,0,0,0,0,0,0,0.00,0.00,0.00,0.00,0.00,0.00,0.00,0,0,0,0,0,0,0,0,0.00,0.00,0.00,0.00,0.00,0.00,0.00,0.00,0,0,0.00,0.00,0,0.00,0,0,0.00,0,0,0,0,0.00,0.00,0.00,0.00
2017-24,24,06/11/2017,06/17/2017,2016-2017,0,0,0,0,0,0,0,0,0.00,0.00,0.00,0.00,0.00,0.00,0.00,0,0,0,0,0,0,0,0,0.00,0.00,0.00,0.00,0.00,0.00,0.00,0.00,0,0,0.00,0.00,0,0.00,0,0,0.00,0,0,0,0,0.00,0.00,0.00,0.00
2017-25,25,06/18/2017,06/24/2017,2016-2017,0,0,0,0,0,0,0,0,0.00,0.00,0.00,0.00,0.00,0.00,0.00,0,0,0,0,0,0,0,0,0.00,0.00,0.00,0.00,0.00,0.00,0.00,0.00,0,0,0.00,0.00,0,0.00,0,0,0.00,0,0,0,0,0.00,0.00,0.00,0.00
2017-26,26,06/25/2017,07/01/2017,2016-2017,0,0,0,0,0,0,0,0,0.00,0.00,0.00,0.00,0.00,0.00,0.00,0,0,0,0,0,0,0,0,0.00,0.00,0.00,0.00,0.00,0.00,0.00,0.00,0,0,0.00,0.00,0,0.00,0,0,0.00,0,0,0,0,0.00,0.00,0.00,0.00
2017-27,27,07/02/2017,07/08/2017,2016-2017,0,0,0,0,0,0,0,0,0.00,0.00,0.00,0.00,0.00,0.00,0.00,0,0,0,0,0,0,0,0,0.00,0.00,0.00,0.00,0.00,0.00,0.00,0.00,0,0,0.00,0.00,0,0.00,0,0,0.00,0,0,0,0,0.00,0.00,0.00,0.00
2017-28,28,07/09/2017,07/15/2017,2016-2017,1,0,0,0,0,0,1,0,0.00,0.00,0.00,0.00,0.00,1.00,0.00,1,0,0,0,0,0,0,0,1.00,0.00,0.00,0.00,0.00,0.00,0.00,0.00,0,1,0.00,1.00,1,1.00,0,0,0.00,1,0,0,0,1.00,0.00,0.00,0.00
2017-29,29,07/16/2017,07/22/2017,2016-2017,0,0,0,0,0,0,0,0,0.00,0.00,0.00,0.00,0.00,0.00,0.00,0,0,0,0,0,0,0,0,0.00,0.00,0.00,0.00,0.00,0.00,0.00,0.00,0,0,0.00,0.00,0,0.00,0,0,0.00,0,0,0,0,0.00,0.00,0.00,0.00
2017-30,30,07/23/2017,07/29/2017,2016-2017,0,0,0,0,0,0,0,0,0.00,0.00,0.00,0.00,0.00,0.00,0.00,0,0,0,0,0,0,0,0,0.00,0.00,0.00,0.00,0.00,0.00,0.00,0.00,0,0,0.00,0.00,0,0.00,0,0,0.00,0,0,0,0,0.00,0.00,0.00,0.00
2017-31,31,07/30/2017,08/05/2017,2016-2017,0,0,0,0,0,0,0,0,0.00,0.00,0.00,0.00,0.00,0.00,0.00,0,0,0,0,0,0,0,0,0.00,0.00,0.00,0.00,0.00,0.00,0.00,0.00,0,0,0.00,0.00,0,0.00,0,0,0.00,0,0,0,0,0.00,0.00,0.00,0.00
2017-32,32,08/06/2017,08/12/2017,2016-2017,0,0,0,0,0,0,0,0,0.00,0.00,0.00,0.00,0.00,0.00,0.00,0,0,0,0,0,0,0,0,0.00,0.00,0.00,0.00,0.00,0.00,0.00,0.00,0,0,0.00,0.00,0,0.00,0,0,0.00,0,0,0,0,0.00,0.00,0.00,0.00
2017-33,33,08/13/2017,08/19/2017,2016-2017,0,0,0,0,0,0,0,0,0.00,0.00,0.00,0.00,0.00,0.00,0.00,0,0,0,0,0,0,0,0,0.00,0.00,0.00,0.00,0.00,0.00,0.00,0.00,0,0,0.00,0.00,0,0.00,0,0,0.00,0,0,0,0,0.00,0.00,0.00,0.00
2017-34,34,08/20/2017,08/26/2017,2016-2017,0,0,0,0,0,0,0,0,0.00,0.00,0.00,0.00,0.00,0.00,0.00,0,0,0,0,0,0,0,0,0.00,0.00,0.00,0.00,0.00,0.00,0.00,0.00,0,0,0.00,0.00,0,0.00,0,0,0.00,0,0,0,0,0.00,0.00,0.00,0.00
2017-35,35,08/27/2017,09/02/2017,2016-2017,0,0,0,0,0,0,0,0,0.00,0.00,0.00,0.00,0.00,0.00,0.00,0,0,0,0,0,0,0,0,0.00,0.00,0.00,0.00,0.00,0.00,0.00,0.00,0,0,0.00,0.00,0,0.00,0,0,0.00,0,0,0,0,0.00,0.00,0.00,0.00
2017-36,36,09/03/2017,09/09/2017,2016-2017,1,0,0,0,1,0,0,0,0.00,0.00,0.00,1.00,0.00,0.00,0.00,0,0,0,0,0,0,1,0,0.00,0.00,0.00,0.00,0.00,0.00,1.00,0.00,1,0,1.00,0.00,0,0.00,1,1,1.00,0,0,1,0,0.00,0.00,1.00,0.00
2017-37,37,09/10/2017,09/16/2017,2016-2017,0,0,0,0,0,0,0,0,0.00,0.00,0.00,0.00,0.00,0.00,0.00,0,0,0,0,0,0,0,0,0.00,0.00,0.00,0.00,0.00,0.00,0.00,0.00,0,0,0.00,0.00,0,0.00,0,0,0.00,0,0,0,0,0.00,0.00,0.00,0.00
2017-38,38,09/17/2017,09/23/2017,2016-2017,1,0,1,0,0,0,0,0,0.00,1.00,0.00,0.00,0.00,0.00,0.00,0,0,1,0,0,0,0,0,0.00,0.00,1.00,0.00,0.00,0.00,0.00,0.00,0,1,0.00,1.00,0,0.00,1,0,0.00,1,0,0,0,1.00,0.00,0.00,0.00
2017-39,39,09/24/2017,09/30/2017,2016-2017,1,0,0,0,0,0,1,0,0.00,0.00,0.00,0.00,0.00,1.00,0.00,1,0,0,0,0,0,0,0,1.00,0.00,0.00,0.00,0.00,0.00,0.00,0.00,1,0,1.00,0.00,0,0.00,1,1,1.00,1,0,0,0,1.00,0.00,0.00,0.00
2017-40,40,10/01/2017,10/07/2017,2017-2018,0,0,0,0,0,0,0,0,0.00,0.00,0.00,0.00,0.00,0.00,0.00,0,0,0,0,0,0,0,0,0.00,0.00,0.00,0.00,0.00,0.00,0.00,0.00,0,0,0.00,0.00,0,0.00,0,0,0.00,0,0,0,0,0.00,0.00,0.00,0.00
2017-41,41,10/08/2017,10/14/2017,2017-2018,0,0,0,0,0,0,0,0,0.00,0.00,0.00,0.00,0.00,0.00,0.00,0,0,0,0,0,0,0,0,0.00,0.00,0.00,0.00,0.00,0.00,0.00,0.00,0,0,0.00,0.00,0,0.00,0,0,0.00,0,0,0,0,0.00,0.00,0.00,0.00
2017-42,42,10/15/2017,10/21/2017,2017-2018,0,0,0,0,0,0,0,0,0.00,0.00,0.00,0.00,0.00,0.00,0.00,0,0,0,0,0,0,0,0,0.00,0.00,0.00,0.00,0.00,0.00,0.00,0.00,0,0,0.00,0.00,0,0.00,0,0,0.00,0,0,0,0,0.00,0.00,0.00,0.00
2017-43,43,10/22/2017,10/28/2017,2017-2018,0,0,0,0,0,0,0,0,0.00,0.00,0.00,0.00,0.00,0.00,0.00,0,0,0,0,0,0,0,0,0.00,0.00,0.00,0.00,0.00,0.00,0.00,0.00,0,0,0.00,0.00,0,0.00,0,0,0.00,0,0,0,0,0.00,0.00,0.00,0.00
2017-44,44,10/29/2017,11/04/2017,2017-2018,0,0,0,0,0,0,0,0,0.00,0.00,0.00,0.00,0.00,0.00,0.00,0,0,0,0,0,0,0,0,0.00,0.00,0.00,0.00,0.00,0.00,0.00,0.00,0,0,0.00,0.00,0,0.00,0,0,0.00,0,0,0,0,0.00,0.00,0.00,0.00
2017-45,45,11/05/2017,11/11/2017,2017-2018,0,0,0,0,0,0,0,0,0.00,0.00,0.00,0.00,0.00,0.00,0.00,0,0,0,0,0,0,0,0,0.00,0.00,0.00,0.00,0.00,0.00,0.00,0.00,0,0,0.00,0.00,0,0.00,0,0,0.00,0,0,0,0,0.00,0.00,0.00,0.00
2017-46,46,11/12/2017,11/18/2017,2017-2018,1,0,0,0,0,0,1,0,0.00,0.00,0.00,0.00,0.00,1.00,0.00,1,0,0,0,0,0,0,0,1.00,0.00,0.00,0.00,0.00,0.00,0.00,0.00,0,1,0.00,1.00,0,0.00,1,1,1.00,1,0,0,0,1.00,0.00,0.00,0.00
2017-47,47,11/19/2017,11/25/2017,2017-2018,6,0,0,0,2,1,3,0,0.00,0.00,0.00,0.33,0.17,0.50,0.00,1,4,1,0,0,0,0,0,0.17,0.67,0.17,0.00,0.00,0.00,0.00,0.00,3,3,0.50,0.50,0,0.00,5,5,1.00,4,1,0,1,0.67,0.17,0.00,0.17
2017-48,48,11/26/2017,12/02/2017,2017-2018,4,0,0,0,0,2,2,0,0.00,0.00,0.00,0.00,0.50,0.50,0.00,1,2,1,0,0,0,0,0,0.25,0.50,0.25,0.00,0.00,0.00,0.00,0.00,3,1,0.75,0.25,0,0.00,3,1,0.33,1,2,0,1,0.25,0.50,0.00,0.25
2017-49,49,12/03/2017,12/09/2017,2017-2018,5,0,0,0,0,2,3,0,0.00,0.00,0.00,0.00,0.40,0.60,0.00,2,2,1,0,0,0,0,0,0.40,0.40,0.20,0.00,0.00,0.00,0.00,0.00,3,2,0.60,0.40,1,0.20,3,1,0.33,3,2,0,0,0.60,0.40,0.00,0.00
2017-50,50,12/10/2017,12/16/2017,2017-2018,13,1,1,1,0,3,7,0,0.08,0.08,0.08,0.00,0.23,0.54,0.00,3,8,2,0,0,0,0,0,0.23,0.62,0.15,0.00,0.00,0.00,0.00,0.00,9,4,0.69,0.31,2,0.15,9,4,0.44,4,6,2,1,0.31,0.46,0.15,0.08
2017-51,51,12/17/2017,12/23/2017,2017-2018,27,1,3,1,1,12,9,0,0.04,0.11,0.04,0.04,0.44,0.33,0.00,6,16,4,1,0,0,0,0,0.22,0.59,0.15,0.04,0.00,0.00,0.00,0.00,16,11,0.59,0.41,2,0.07,16,9,0.56,12,9,1,5,0.44,0.33,0.04,0.19
2017-52,52,12/24/2017,12/30/2017,2017-2018,47,3,2,2,6,8,26,0,0.06,0.04,0.04,0.13,0.17,0.55,0.00,16,18,12,1,0,0,0,0,0.34,0.38,0.26,0.02,0.00,0.00,0.00,0.00,25,22,0.53,0.47,2,0.04,34,15,0.44,13,32,0,2,0.28,0.68,0.00,0.04
2018-01,1,12/31/2017,01/06/2018,2017-2018,81,5,3,2,13,19,39,0,0.06,0.04,0.02,0.16,0.23,0.48,0.00,24,42,13,2,0,0,0,0,0.30,0.52,0.16,0.02,0.00,0.00,0.00,0.00,44,37,0.54,0.46,11,0.14,54,23,0.43,18,56,3,4,0.22,0.69,0.04,0.05
2018-02,2,01/07/2018,01/13/2018,2017-2018,61,4,1,3,5,13,35,0,0.07,0.02,0.05,0.08,0.21,0.57,0.00,15,29,16,1,0,0,0,0,0.25,0.48,0.26,0.02,0.00,0.00,0.00,0.00,34,27,0.56,0.44,7,0.11,35,16,0.46,13,40,6,2,0.21,0.66,0.10,0.03
2018-03,3,01/14/2018,01/20/2018,2017-2018,52,3,3,1,9,19,17,0,0.06,0.06,0.02,0.17,0.37,0.33,0.00,7,34,10,1,0,0,0,0,0.13,0.65,0.19,0.02,0.00,0.00,0.00,0.00,25,27,0.48,0.52,7,0.13,29,13,0.45,11,35,1,5,0.21,0.67,0.02,0.10
2018-04,4,01/21/2018,01/27/2018,2017-2018,55,6,9,2,7,13,18,0,0.11,0.16,0.04,0.13,0.24,0.33,0.00,10,37,7,1,0,0,0,0,0.18,0.67,0.13,0.02,0.00,0.00,0.00,0.00,33,22,0.60,0.40,5,0.09,26,12,0.46,20,23,4,8,0.36,0.42,0.07,0.15
2018-05,5,01/28/2018,02/03/2018,2017-2018,36,3,5,0,4,7,17,0,0.08,0.14,0.00,0.11,0.19,0.47,0.00,13,15,5,1,0,0,1,1,0.36,0.42,0.14,0.03,0.00,0.00,0.03,0.03,16,20,0.44,0.56,4,0.11,25,15,0.60,11,19,0,6,0.31,0.53,0.00,0.17
2018-06,6,02/04/2018,02/10/2018,2017-2018,30,4,2,1,4,9,10,0,0.13,0.07,0.03,0.13,0.30,0.33,0.00,5,17,7,1,0,0,0,0,0.17,0.57,0.23,0.03,0.00,0.00,0.00,0.00,13,17,0.43,0.57,4,0.13,18,8,0.44,8,13,1,8,0.27,0.43,0.03,0.27
2018-07,7,02/11/2018,02/17/2018,2017-2018,28,5,1,1,5,6,10,0,0.18,0.04,0.04,0.18,0.21,0.36,0.00,8,14,5,1,0,0,0,0,0.29,0.50,0.18,0.04,0.00,0.00,0.00,0.00,13,15,0.46,0.54,1,0.04,17,11,0.65,6,15,1,6,0.21,0.54,0.04,0.21
2018-08,8,02/18/2018,02/24/2018,2017-2018,23,2,1,0,1,6,13,0,0.09,0.04,0.00,0.04,0.26,0.57,0.00,9,6,8,0,0,0,0,0,0.39,0.26,0.35,0.00,0.00,0.00,0.00,0.00,11,12,0.48,0.52,2,0.09,13,7,0.54,4,10,0,9,0.17,0.43,0.00,0.39
2018-09,9,02/25/2018,03/03/2018,2017-2018,24,3,2,0,4,4,11,0,0.12,0.08,0.00,0.17,0.17,0.46,0.00,5,11,7,1,0,0,0,0,0.21,0.46,0.29,0.04,0.00,0.00,0.00,0.00,16,8,0.67,0.33,0,0.00,17,7,0.41,2,10,0,12,0.08,0.42,0.00,0.50
2018-10,10,03/04/2018,03/10/2018,2017-2018,16,2,1,1,1,3,8,0,0.12,0.06,0.06,0.06,0.19,0.50,0.00,4,10,1,1,0,0,0,0,0.25,0.62,0.06,0.06,0.00,0.00,0.00,0.00,8,8,0.50,0.50,0,0.00,9,4,0.44,1,2,0,13,0.06,0.12,0.00,0.81
2018-11,11,03/11/2018,03/17/2018,2017-2018,14,1,4,0,2,3,4,0,0.07,0.29,0.00,0.14,0.21,0.29,0.00,2,11,1,0,0,0,0,0,0.14,0.79,0.07,0.00,0.00,0.00,0.00,0.00,8,6,0.57,0.43,1,0.07,8,5,0.62,0,2,0,12,0.00,0.14,0.00,0.86
2018-12,12,03/18/2018,03/24/2018,2017-2018,12,0,1,0,0,6,5,0,0.00,0.08,0.00,0.00,0.50,0.42,0.00,1,7,3,1,0,0,0,0,0.08,0.58,0.25,0.08,0.00,0.00,0.00,0.00,7,5,0.58,0.42,0,0.00,7,3,0.43,2,3,0,7,0.17,0.25,0.00,0.58
2018-13,13,03/25/2018,03/31/2018,2017-2018,13,0,1,0,0,2,10,0,0.00,0.08,0.00,0.00,0.15,0.77,0.00,2,7,4,0,0,0,0,0,0.15,0.54,0.31,0.00,0.00,0.00,0.00,0.00,10,3,0.77,0.23,1,0.08,6,6,1.00,0,0,1,12,0.00,0.00,0.08,0.92
2018-14,14,04/01/2018,04/07/2018,2017-2018,10,0,1,0,1,3,5,0,0.00,0.10,0.00,0.10,0.30,0.50,0.00,2,8,0,0,0,0,0,0,0.20,0.80,0.00,0.00,0.00,0.00,0.00,0.00,9,1,0.90,0.10,0,0.00,8,4,0.50,0,0,0,10,0.00,0.00,0.00,1.00
2018-15,15,04/08/2018,04/14/2018,2017-2018,4,0,0,1,0,0,3,0,0.00,0.00,0.25,0.00,0.00,0.75,0.00,2,0,2,0,0,0,0,0,0.50,0.00,0.50,0.00,0.00,0.00,0.00,0.00,2,2,0.50,0.50,0,0.00,1,0,0.00,0,0,0,4,0.00,0.00,0.00,1.00
2018-16,16,04/15/2018,04/21/2018,2017-2018,8,0,0,0,0,2,6,0,0.00,0.00,0.00,0.00,0.25,0.75,0.00,1,3,3,1,0,0,0,0,0.12,0.38,0.38,0.12,0.00,0.00,0.00,0.00,2,6,0.25,0.75,1,0.12,2,1,0.50,0,1,0,7,0.00,0.12,0.00,0.88
2018-17,17,04/22/2018,04/28/2018,2017-2018,4,0,0,1,1,0,2,0,0.00,0.00,0.25,0.25,0.00,0.50,0.00,1,1,1,1,0,0,0,0,0.25,0.25,0.25,0.25,0.00,0.00,0.00,0.00,2,2,0.50,0.50,1,0.25,1,1,1.00,0,1,0,3,0.00,0.25,0.00,0.75
2018-18,18,04/29/2018,05/05/2018,2017-2018,3,0,1,0,0,1,1,0,0.00,0.33,0.00,0.00,0.33,0.33,0.00,1,0,2,0,0,0,0,0,0.33,0.00,0.67,0.00,0.00,0.00,0.00,0.00,1,2,0.33,0.67,1,0.33,2,1,0.50,0,0,0,3,0.00,0.00,0.00,1.00
2018-19,19,05/06/2018,05/12/2018,2017-2018,3,0,0,0,0,1,2,0,0.00,0.00,0.00,0.00,0.33,0.67,0.00,1,1,1,0,0,0,0,0,0.33,0.33,0.33,0.00,0.00,0.00,0.00,0.00,2,1,0.67,0.33,0,0.00,1,1,1.00,0,0,0,3,0.00,0.00,0.00,1.00
2024-38,38,09/15/2024,09/21/2024,2023-2024,0,0,0,0,0,0,0,0,0.00,0.00,0.00,0.00,0.00,0.00,0.00,0,0,0,0,0,0,0,0,0.00,0.00,0.00,0.00,0.00,0.00,0.00,0.00,0,0,0.00,0.00,0,0.00,0,0,0.00,0,0,0,0,0.00,0.00,0.00,0.00
2018-20,20,05/13/2018,05/19/2018,2017-2018,1,1,0,0,0,0,0,0,1.00,0.00,0.00,0.00,0.00,0.00,0.00,0,1,0,0,0,0,0,0,0.00,1.00,0.00,0.00,0.00,0.00,0.00,0.00,0,1,0.00,1.00,0,0.00,0,0,0.00,0,0,0,1,0.00,0.00,0.00,1.00
2018-21,21,05/20/2018,05/26/2018,2017-2018,1,0,0,0,0,1,0,0,0.00,0.00,0.00,0.00,1.00,0.00,0.00,0,1,0,0,0,0,0,0,0.00,1.00,0.00,0.00,0.00,0.00,0.00,0.00,0,1,0.00,1.00,0,0.00,1,1,1.00,0,0,1,0,0.00,0.00,1.00,0.00
2018-22,22,05/27/2018,06/02/2018,2017-2018,0,0,0,0,0,0,0,0,0.00,0.00,0.00,0.00,0.00,0.00,0.00,0,0,0,0,0,0,0,0,0.00,0.00,0.00,0.00,0.00,0.00,0.00,0.00,0,0,0.00,0.00,0,0.00,0,0,0.00,0,0,0,0,0.00,0.00,0.00,0.00
2018-23,23,06/03/2018,06/09/2018,2017-2018,1,0,0,0,0,0,1,0,0.00,0.00,0.00,0.00,0.00,1.00,0.00,0,1,0,0,0,0,0,0,0.00,1.00,0.00,0.00,0.00,0.00,0.00,0.00,0,1,0.00,1.00,0,0.00,0,0,0.00,0,0,0,1,0.00,0.00,0.00,1.00
2018-24,24,06/10/2018,06/16/2018,2017-2018,0,0,0,0,0,0,0,0,0.00,0.00,0.00,0.00,0.00,0.00,0.00,0,0,0,0,0,0,0,0,0.00,0.00,0.00,0.00,0.00,0.00,0.00,0.00,0,0,0.00,0.00,0,0.00,0,0,0.00,0,0,0,0,0.00,0.00,0.00,0.00
2018-25,25,06/17/2018,06/23/2018,2017-2018,0,0,0,0,0,0,0,0,0.00,0.00,0.00,0.00,0.00,0.00,0.00,0,0,0,0,0,0,0,0,0.00,0.00,0.00,0.00,0.00,0.00,0.00,0.00,0,0,0.00,0.00,0,0.00,0,0,0.00,0,0,0,0,0.00,0.00,0.00,0.00
2018-26,26,06/24/2018,06/30/2018,2017-2018,0,0,0,0,0,0,0,0,0.00,0.00,0.00,0.00,0.00,0.00,0.00,0,0,0,0,0,0,0,0,0.00,0.00,0.00,0.00,0.00,0.00,0.00,0.00,0,0,0.00,0.00,0,0.00,0,0,0.00,0,0,0,0,0.00,0.00,0.00,0.00
2018-27,27,07/01/2018,07/07/2018,2017-2018,0,0,0,0,0,0,0,0,0.00,0.00,0.00,0.00,0.00,0.00,0.00,0,0,0,0,0,0,0,0,0.00,0.00,0.00,0.00,0.00,0.00,0.00,0.00,0,0,0.00,0.00,0,0.00,0,0,0.00,0,0,0,0,0.00,0.00,0.00,0.00
2018-28,28,07/08/2018,07/14/2018,2017-2018,0,0,0,0,0,0,0,0,0.00,0.00,0.00,0.00,0.00,0.00,0.00,0,0,0,0,0,0,0,0,0.00,0.00,0.00,0.00,0.00,0.00,0.00,0.00,0,0,0.00,0.00,0,0.00,0,0,0.00,0,0,0,0,0.00,0.00,0.00,0.00
2018-29,29,07/15/2018,07/21/2018,2017-2018,0,0,0,0,0,0,0,0,0.00,0.00,0.00,0.00,0.00,0.00,0.00,0,0,0,0,0,0,0,0,0.00,0.00,0.00,0.00,0.00,0.00,0.00,0.00,0,0,0.00,0.00,0,0.00,0,0,0.00,0,0,0,0,0.00,0.00,0.00,0.00
2018-30,30,07/22/2018,07/28/2018,2017-2018,0,0,0,0,0,0,0,0,0.00,0.00,0.00,0.00,0.00,0.00,0.00,0,0,0,0,0,0,0,0,0.00,0.00,0.00,0.00,0.00,0.00,0.00,0.00,0,0,0.00,0.00,0,0.00,0,0,0.00,0,0,0,0,0.00,0.00,0.00,0.00
2018-31,31,07/29/2018,08/04/2018,2017-2018,0,0,0,0,0,0,0,0,0.00,0.00,0.00,0.00,0.00,0.00,0.00,0,0,0,0,0,0,0,0,0.00,0.00,0.00,0.00,0.00,0.00,0.00,0.00,0,0,0.00,0.00,0,0.00,0,0,0.00,0,0,0,0,0.00,0.00,0.00,0.00
2018-32,32,08/05/2018,08/11/2018,2017-2018,0,0,0,0,0,0,0,0,0.00,0.00,0.00,0.00,0.00,0.00,0.00,0,0,0,0,0,0,0,0,0.00,0.00,0.00,0.00,0.00,0.00,0.00,0.00,0,0,0.00,0.00,0,0.00,0,0,0.00,0,0,0,0,0.00,0.00,0.00,0.00
2018-33,33,08/12/2018,08/18/2018,2017-2018,0,0,0,0,0,0,0,0,0.00,0.00,0.00,0.00,0.00,0.00,0.00,0,0,0,0,0,0,0,0,0.00,0.00,0.00,0.00,0.00,0.00,0.00,0.00,0,0,0.00,0.00,0,0.00,0,0,0.00,0,0,0,0,0.00,0.00,0.00,0.00
2018-34,34,08/19/2018,08/25/2018,2017-2018,0,0,0,0,0,0,0,0,0.00,0.00,0.00,0.00,0.00,0.00,0.00,0,0,0,0,0,0,0,0,0.00,0.00,0.00,0.00,0.00,0.00,0.00,0.00,0,0,0.00,0.00,0,0.00,0,0,0.00,0,0,0,0,0.00,0.00,0.00,0.00
2018-35,35,08/26/2018,09/01/2018,2017-2018,0,0,0,0,0,0,0,0,0.00,0.00,0.00,0.00,0.00,0.00,0.00,0,0,0,0,0,0,0,0,0.00,0.00,0.00,0.00,0.00,0.00,0.00,0.00,0,0,0.00,0.00,0,0.00,0,0,0.00,0,0,0,0,0.00,0.00,0.00,0.00
2018-36,36,09/02/2018,09/08/2018,2017-2018,0,0,0,0,0,0,0,0,0.00,0.00,0.00,0.00,0.00,0.00,0.00,0,0,0,0,0,0,0,0,0.00,0.00,0.00,0.00,0.00,0.00,0.00,0.00,0,0,0.00,0.00,0,0.00,0,0,0.00,0,0,0,0,0.00,0.00,0.00,0.00
2018-37,37,09/09/2018,09/15/2018,2017-2018,0,0,0,0,0,0,0,0,0.00,0.00,0.00,0.00,0.00,0.00,0.00,0,0,0,0,0,0,0,0,0.00,0.00,0.00,0.00,0.00,0.00,0.00,0.00,0,0,0.00,0.00,0,0.00,0,0,0.00,0,0,0,0,0.00,0.00,0.00,0.00
2018-38,38,09/16/2018,09/22/2018,2017-2018,0,0,0,0,0,0,0,0,0.00,0.00,0.00,0.00,0.00,0.00,0.00,0,0,0,0,0,0,0,0,0.00,0.00,0.00,0.00,0.00,0.00,0.00,0.00,0,0,0.00,0.00,0,0.00,0,0,0.00,0,0,0,0,0.00,0.00,0.00,0.00
2018-39,39,09/23/2018,09/29/2018,2017-2018,0,0,0,0,0,0,0,0,0.00,0.00,0.00,0.00,0.00,0.00,0.00,0,0,0,0,0,0,0,0,0.00,0.00,0.00,0.00,0.00,0.00,0.00,0.00,0,0,0.00,0.00,0,0.00,0,0,0.00,0,0,0,0,0.00,0.00,0.00,0.00
2018-40,40,09/30/2018,10/06/2018,2018-2019,2,0,0,0,1,0,1,0,0.00,0.00,0.00,0.50,0.00,0.50,0.00,1,1,0,0,0,0,0,0,0.50,0.50,0.00,0.00,0.00,0.00,0.00,0.00,0,2,0.00,1.00,1,0.50,2,1,0.50,0,2,0,0,0.00,1.00,0.00,0.00
2018-41,41,10/07/2018,10/13/2018,2018-2019,0,0,0,0,0,0,0,0,0.00,0.00,0.00,0.00,0.00,0.00,0.00,0,0,0,0,0,0,0,0,0.00,0.00,0.00,0.00,0.00,0.00,0.00,0.00,0,0,0.00,0.00,0,0.00,0,0,0.00,0,0,0,0,0.00,0.00,0.00,0.00
2018-42,42,10/14/2018,10/20/2018,2018-2019,0,0,0,0,0,0,0,0,0.00,0.00,0.00,0.00,0.00,0.00,0.00,0,0,0,0,0,0,0,0,0.00,0.00,0.00,0.00,0.00,0.00,0.00,0.00,0,0,0.00,0.00,0,,0,0,0.00,0,0,0,0,0.00,0.00,0.00,0.00
2018-43,43,10/21/2018,10/27/2018,2018-2019,1,0,0,0,0,1,0,0,0.00,0.00,0.00,0.00,1.00,0.00,0.00,0,1,0,0,0,0,0,0,0.00,1.00,0.00,0.00,0.00,0.00,0.00,0.00,0,1,0.00,1.00,0,0.00,1,0,0.00,0,0,0,1,0.00,0.00,0.00,1.00
2018-44,44,10/28/2018,11/03/2018,2018-2019,2,0,0,0,0,0,2,0,0.00,0.00,0.00,0.00,0.00,1.00,0.00,0,1,1,0,0,0,0,0,0.00,0.50,0.50,0.00,0.00,0.00,0.00,0.00,1,1,0.50,0.50,1,0.50,1,0,0.00,0,1,1,0,0.00,0.50,0.50,0.00
2018-45,45,11/04/2018,11/10/2018,2018-2019,1,0,0,0,0,0,1,0,0.00,0.00,0.00,0.00,0.00,1.00,0.00,1,0,0,0,0,0,0,0,1.00,0.00,0.00,0.00,0.00,0.00,0.00,0.00,0,1,0.00,1.00,0,0.00,1,0,0.00,0,0,1,0,0.00,0.00,1.00,0.00
2018-46,46,11/11/2018,11/17/2018,2018-2019,0,0,0,0,0,0,0,0,0.00,0.00,0.00,0.00,0.00,0.00,0.00,0,0,0,0,0,0,0,0,0.00,0.00,0.00,0.00,0.00,0.00,0.00,0.00,0,0,0.00,0.00,0,0.00,0,0,0.00,0,0,0,0,0.00,0.00,0.00,0.00
2018-47,47,11/18/2018,11/24/2018,2018-2019,0,0,0,0,0,0,0,0,0.00,0.00,0.00,0.00,0.00,0.00,0.00,0,0,0,0,0,0,0,0,0.00,0.00,0.00,0.00,0.00,0.00,0.00,0.00,0,0,0.00,0.00,0,0.00,0,0,0.00,0,0,0,0,0.00,0.00,0.00,0.00
2018-48,48,11/25/2018,12/01/2018,2018-2019,0,0,0,0,0,0,0,0,0.00,0.00,0.00,0.00,0.00,0.00,0.00,0,0,0,0,0,0,0,0,0.00,0.00,0.00,0.00,0.00,0.00,0.00,0.00,0,0,0.00,0.00,0,0.00,0,0,0.00,0,0,0,0,0.00,0.00,0.00,0.00
2018-49,49,12/02/2018,12/08/2018,2018-2019,2,0,1,0,0,1,0,0,0.00,0.50,0.00,0.00,0.50,0.00,0.00,0,1,0,1,0,0,0,0,0.00,0.50,0.00,0.50,0.00,0.00,0.00,0.00,0,2,0.00,1.00,0,0.00,2,2,1.00,0,1,0,1,0.00,0.50,0.00,0.50
2018-50,50,12/09/2018,12/15/2018,2018-2019,4,0,1,0,0,1,2,0,0.00,0.25,0.00,0.00,0.25,0.50,0.00,1,2,1,0,0,0,0,0,0.25,0.50,0.25,0.00,0.00,0.00,0.00,0.00,2,2,0.50,0.50,0,0.00,3,1,0.33,0,0,2,2,0.00,0.00,0.50,0.50
2018-51,51,12/16/2018,12/22/2018,2018-2019,5,0,0,0,1,1,3,0,0.00,0.00,0.00,0.20,0.20,0.60,0.00,1,3,1,0,0,0,0,0,0.20,0.60,0.20,0.00,0.00,0.00,0.00,0.00,2,3,0.40,0.60,0,0.00,2,1,0.50,0,2,3,0,0.00,0.40,0.60,0.00
2018-52,52,12/23/2018,12/29/2018,2018-2019,7,3,1,0,1,1,1,0,0.43,0.14,0.00,0.14,0.14,0.14,0.00,1,6,0,0,0,0,0,0,0.14,0.86,0.00,0.00,0.00,0.00,0.00,0.00,6,1,0.86,0.14,0,0.00,4,3,0.75,0,3,4,0,0.00,0.43,0.57,0.00
2019-01,1,12/30/2018,01/05/2019,2018-2019,15,1,1,1,5,1,6,0,0.07,0.07,0.07,0.33,0.07,0.40,0.00,4,6,4,0,0,0,0,1,0.27,0.40,0.27,0.00,0.00,0.00,0.00,0.07,9,6,0.60,0.40,1,0.07,10,4,0.40,0,5,9,1,0.00,0.33,0.60,0.07
2019-02,2,01/06/2019,01/12/2019,2018-2019,23,3,1,1,5,7,6,0,0.13,0.04,0.04,0.22,0.30,0.26,0.00,6,14,3,0,0,0,0,0,0.26,0.61,0.13,0.00,0.00,0.00,0.00,0.00,12,11,0.52,0.48,0,0.00,19,7,0.37,0,9,12,2,0.00,0.39,0.52,0.09
2019-03,3,01/13/2019,01/19/2019,2018-2019,21,3,0,0,4,7,7,0,0.14,0.00,0.00,0.19,0.33,0.33,0.00,7,8,5,0,0,0,1,0,0.33,0.38,0.24,0.00,0.00,0.00,0.05,0.00,8,13,0.38,0.62,2,0.10,13,3,0.23,0,16,5,0,0.00,0.76,0.24,0.00
2019-04,4,01/20/2019,01/26/2019,2018-2019,26,3,3,0,5,8,7,0,0.12,0.12,0.00,0.19,0.31,0.27,0.00,5,10,10,1,0,0,0,0,0.19,0.38,0.38,0.04,0.00,0.00,0.00,0.00,16,10,0.62,0.38,0,0.00,16,6,0.38,1,12,12,1,0.04,0.46,0.46,0.04
2019-05,5,01/27/2019,02/02/2019,2018-2019,24,0,2,0,3,9,10,0,0.00,0.08,0.00,0.12,0.38,0.42,0.00,5,9,9,1,0,0,0,0,0.21,0.38,0.38,0.04,0.00,0.00,0.00,0.00,12,12,0.50,0.50,1,0.04,11,7,0.64,1,19,4,0,0.04,0.79,0.17,0.00
2019-06,6,02/03/2019,02/09/2019,2018-2019,19,5,0,2,2,5,5,0,0.26,0.00,0.11,0.11,0.26,0.26,0.00,3,12,3,1,0,0,0,0,0.16,0.63,0.16,0.05,0.00,0.00,0.00,0.00,6,13,0.32,0.68,0,0.00,14,4,0.29,0,11,7,1,0.00,0.58,0.37,0.05
2019-07,7,02/10/2019,02/16/2019,2018-2019,17,1,3,0,0,8,5,0,0.06,0.18,0.00,0.00,0.47,0.29,0.00,2,7,6,0,0,0,0,2,0.12,0.41,0.35,0.00,0.00,0.00,0.00,0.12,5,12,0.29,0.71,2,0.12,11,8,0.73,1,7,9,0,0.06,0.41,0.53,0.00
2019-08,8,02/17/2019,02/23/2019,2018-2019,13,3,1,0,4,2,3,0,0.23,0.08,0.00,0.31,0.15,0.23,0.00,3,7,1,1,0,0,1,0,0.23,0.54,0.08,0.08,0.00,0.00,0.08,0.00,6,7,0.46,0.54,0,0.00,7,5,0.71,0,4,9,0,0.00,0.31,0.69,0.00
2019-09,9,02/24/2019,03/02/2019,2018-2019,13,3,1,0,1,3,5,0,0.23,0.08,0.00,0.08,0.23,0.38,0.00,4,4,3,2,0,0,0,0,0.31,0.31,0.23,0.15,0.00,0.00,0.00,0.00,7,6,0.54,0.46,0,0.00,9,5,0.56,0,6,7,0,0.00,0.46,0.54,0.00
2019-10,10,03/03/2019,03/09/2019,2018-2019,30,6,0,0,6,7,11,0,0.20,0.00,0.00,0.20,0.23,0.37,0.00,7,21,1,0,0,0,1,0,0.23,0.70,0.03,0.00,0.00,0.00,0.03,0.00,20,10,0.67,0.33,1,0.03,13,10,0.77,2,15,12,1,0.07,0.50,0.40,0.03
2019-11,11,03/10/2019,03/16/2019,2018-2019,28,2,0,0,3,7,16,0,0.07,0.00,0.00,0.11,0.25,0.57,0.00,5,20,2,0,0,0,1,0,0.18,0.71,0.07,0.00,0.00,0.00,0.04,0.00,13,15,0.46,0.54,0,0.00,19,12,0.63,3,16,9,0,0.11,0.57,0.32,0.00
2019-12,12,03/17/2019,03/23/2019,2018-2019,25,3,1,0,5,9,7,0,0.12,0.04,0.00,0.20,0.36,0.28,0.00,3,17,4,0,1,0,0,0,0.12,0.68,0.16,0.00,0.04,0.00,0.00,0.00,18,7,0.72,0.28,1,0.04,16,6,0.38,1,14,9,1,0.04,0.56,0.36,0.04
2019-13,13,03/24/2019,03/30/2019,2018-2019,24,1,0,2,2,10,9,0,0.04,0.00,0.08,0.08,0.42,0.38,0.00,10,9,5,0,0,0,0,0,0.42,0.38,0.21,0.00,0.00,0.00,0.00,0.00,12,12,0.50,0.50,5,0.21,11,8,0.73,1,13,7,3,0.04,0.54,0.29,0.12
2019-14,14,03/31/2019,04/06/2019,2018-2019,13,1,2,0,3,2,5,0,0.08,0.15,0.00,0.23,0.15,0.38,0.00,1,7,5,0,0,0,0,0,0.08,0.54,0.38,0.00,0.00,0.00,0.00,0.00,6,7,0.46,0.54,0,0.00,8,5,0.62,4,5,2,2,0.31,0.38,0.15,0.15
2019-15,15,04/07/2019,04/13/2019,2018-2019,15,1,0,0,4,2,8,0,0.07,0.00,0.00,0.27,0.13,0.53,0.00,3,9,3,0,0,0,0,0,0.20,0.60,0.20,0.00,0.00,0.00,0.00,0.00,6,9,0.40,0.60,3,0.20,8,1,0.12,8,3,4,0,0.53,0.20,0.27,0.00
2019-16,16,04/14/2019,04/20/2019,2018-2019,9,1,0,0,0,3,5,0,0.11,0.00,0.00,0.00,0.33,0.56,0.00,2,4,3,0,0,0,0,0,0.22,0.44,0.33,0.00,0.00,0.00,0.00,0.00,5,4,0.56,0.44,0,0.00,7,6,0.86,2,4,1,2,0.22,0.44,0.11,0.22
2019-17,17,04/21/2019,04/27/2019,2018-2019,3,1,1,0,0,1,0,0,0.33,0.33,0.00,0.00,0.33,0.00,0.00,0,3,0,0,0,0,0,0,0.00,1.00,0.00,0.00,0.00,0.00,0.00,0.00,2,1,0.67,0.33,0,0.00,1,0,0.00,0,3,0,0,0.00,1.00,0.00,0.00
2019-18,18,04/28/2019,05/04/2019,2018-2019,7,0,0,0,1,0,6,0,0.00,0.00,0.00,0.14,0.00,0.86,0.00,3,2,1,0,0,0,0,1,0.43,0.29,0.14,0.00,0.00,0.00,0.00,0.14,2,5,0.29,0.71,1,0.14,4,2,0.50,1,2,1,3,0.14,0.29,0.14,0.43
2019-19,19,05/05/2019,05/11/2019,2018-2019,1,0,0,0,0,0,1,0,0.00,0.00,0.00,0.00,0.00,1.00,0.00,1,0,0,0,0,0,0,0,1.00,0.00,0.00,0.00,0.00,0.00,0.00,0.00,1,0,1.00,0.00,0,0.00,1,0,0.00,0,0,1,0,0.00,0.00,1.00,0.00
2019-20,20,05/12/2019,05/18/2019,2018-2019,2,0,0,0,0,2,0,0,0.00,0.00,0.00,0.00,1.00,0.00,0.00,1,1,0,0,0,0,0,0,0.50,0.50,0.00,0.00,0.00,0.00,0.00,0.00,2,0,1.00,0.00,0,0.00,1,1,1.00,0,0,2,0,0.00,0.00,1.00,0.00
2019-21,21,05/19/2019,05/25/2019,2018-2019,3,0,0,0,0,1,2,0,0.00,0.00,0.00,0.00,0.33,0.67,0.00,1,2,0,0,0,0,0,0,0.33,0.67,0.00,0.00,0.00,0.00,0.00,0.00,2,1,0.67,0.33,0,0.00,2,2,1.00,0,2,0,1,0.00,0.67,0.00,0.33
2019-22,22,05/26/2019,06/01/2019,2018-2019,0,0,0,0,0,0,0,0,0.00,0.00,0.00,0.00,0.00,0.00,0.00,0,0,0,0,0,0,0,0,0.00,0.00,0.00,0.00,0.00,0.00,0.00,0.00,0,0,0.00,0.00,0,0.00,0,0,0.00,0,0,0,0,0.00,0.00,0.00,0.00
2019-23,23,06/02/2019,06/08/2019,2018-2019,1,0,0,0,0,0,1,0,0.00,0.00,0.00,0.00,0.00,1.00,0.00,0,1,0,0,0,0,0,0,0.00,1.00,0.00,0.00,0.00,0.00,0.00,0.00,1,0,1.00,0.00,0,0.00,0,0,0.00,0,0,0,1,0.00,0.00,0.00,1.00
2019-24,24,06/09/2019,06/15/2019,2018-2019,2,0,0,0,0,2,0,0,0.00,0.00,0.00,0.00,1.00,0.00,0.00,0,2,0,0,0,0,0,0,0.00,1.00,0.00,0.00,0.00,0.00,0.00,0.00,2,0,1.00,0.00,0,0.00,1,1,1.00,0,1,1,0,0.00,0.50,0.50,0.00
2019-25,25,06/16/2019,06/22/2019,2018-2019,0,0,0,0,0,0,0,0,0.00,0.00,0.00,0.00,0.00,0.00,0.00,0,0,0,0,0,0,0,0,0.00,0.00,0.00,0.00,0.00,0.00,0.00,0.00,0,0,0.00,0.00,0,0.00,0,0,0.00,0,0,0,0,0.00,0.00,0.00,0.00
2019-26,26,06/23/2019,06/29/2019,2018-2019,0,0,0,0,0,0,0,0,0.00,0.00,0.00,0.00,0.00,0.00,0.00,0,0,0,0,0,0,0,0,0.00,0.00,0.00,0.00,0.00,0.00,0.00,0.00,0,0,0.00,0.00,0,0.00,0,0,0.00,0,0,0,0,0.00,0.00,0.00,0.00
2019-27,27,06/30/2019,07/06/2019,2018-2019,0,0,0,0,0,0,0,0,0.00,0.00,0.00,0.00,0.00,0.00,0.00,0,0,0,0,0,0,0,0,0.00,0.00,0.00,0.00,0.00,0.00,0.00,0.00,0,0,0.00,0.00,0,0.00,0,0,0.00,0,0,0,0,0.00,0.00,0.00,0.00
2019-28,28,07/07/2019,07/13/2019,2018-2019,0,0,0,0,0,0,0,0,0.00,0.00,0.00,0.00,0.00,0.00,0.00,0,0,0,0,0,0,0,0,0.00,0.00,0.00,0.00,0.00,0.00,0.00,0.00,0,0,0.00,0.00,0,0.00,0,0,0.00,0,0,0,0,0.00,0.00,0.00,0.00
2019-29,29,07/14/2019,07/20/2019,2018-2019,0,0,0,0,0,0,0,0,0.00,0.00,0.00,0.00,0.00,0.00,0.00,0,0,0,0,0,0,0,0,0.00,0.00,0.00,0.00,0.00,0.00,0.00,0.00,0,0,0.00,0.00,0,0.00,0,0,0.00,0,0,0,0,0.00,0.00,0.00,0.00
2019-30,30,07/21/2019,07/27/2019,2018-2019,0,0,0,0,0,0,0,0,0.00,0.00,0.00,0.00,0.00,0.00,0.00,0,0,0,0,0,0,0,0,0.00,0.00,0.00,0.00,0.00,0.00,0.00,0.00,0,0,0.00,0.00,0,0.00,0,0,0.00,0,0,0,0,0.00,0.00,0.00,0.00
2019-31,31,07/28/2019,08/03/2019,2018-2019,1,0,0,0,0,0,1,0,0.00,0.00,0.00,0.00,0.00,1.00,0.00,1,0,0,0,0,0,0,0,1.00,0.00,0.00,0.00,0.00,0.00,0.00,0.00,0,1,0.00,1.00,0,0.00,1,0,0.00,1,0,0,0,1.00,0.00,0.00,0.00
2019-32,32,08/04/2019,08/10/2019,2018-2019,0,0,0,0,0,0,0,0,0.00,0.00,0.00,0.00,0.00,0.00,0.00,0,0,0,0,0,0,0,0,0.00,0.00,0.00,0.00,0.00,0.00,0.00,0.00,0,0,0.00,0.00,0,0.00,0,0,0.00,0,0,0,0,0.00,0.00,0.00,0.00
2019-33,33,08/11/2019,08/17/2019,2018-2019,0,0,0,0,0,0,0,0,0.00,0.00,0.00,0.00,0.00,0.00,0.00,0,0,0,0,0,0,0,0,0.00,0.00,0.00,0.00,0.00,0.00,0.00,0.00,0,0,0.00,0.00,0,0.00,0,0,0.00,0,0,0,0,0.00,0.00,0.00,0.00
2019-34,34,08/18/2019,08/24/2019,2018-2019,0,0,0,0,0,0,0,0,0.00,0.00,0.00,0.00,0.00,0.00,0.00,0,0,0,0,0,0,0,0,0.00,0.00,0.00,0.00,0.00,0.00,0.00,0.00,0,0,0.00,0.00,0,0.00,0,0,0.00,0,0,0,0,0.00,0.00,0.00,0.00
2019-35,35,08/25/2019,08/31/2019,2018-2019,1,0,0,0,0,1,0,0,0.00,0.00,0.00,0.00,1.00,0.00,0.00,0,0,0,0,0,0,1,0,0.00,0.00,0.00,0.00,0.00,0.00,1.00,0.00,1,0,1.00,0.00,0,0.00,0,0,0.00,1,0,0,0,1.00,0.00,0.00,0.00
2019-36,36,09/01/2019,09/07/2019,2018-2019,1,0,0,0,0,0,1,0,0.00,0.00,0.00,0.00,0.00,1.00,0.00,1,0,0,0,0,0,0,0,1.00,0.00,0.00,0.00,0.00,0.00,0.00,0.00,0,1,0.00,1.00,0,0.00,0,0,0.00,0,0,0,1,0.00,0.00,0.00,1.00
2019-37,37,09/08/2019,09/14/2019,2018-2019,0,0,0,0,0,0,0,0,0.00,0.00,0.00,0.00,0.00,0.00,0.00,0,0,0,0,0,0,0,0,0.00,0.00,0.00,0.00,0.00,0.00,0.00,0.00,0,0,0.00,0.00,0,0.00,0,0,0.00,0,0,0,0,0.00,0.00,0.00,0.00
2019-38,38,09/15/2019,09/21/2019,2018-2019,0,0,0,0,0,0,0,0,0.00,0.00,0.00,0.00,0.00,0.00,0.00,0,0,0,0,0,0,0,0,0.00,0.00,0.00,0.00,0.00,0.00,0.00,0.00,0,0,0.00,0.00,0,0.00,0,0,0.00,0,0,0,0,0.00,0.00,0.00,0.00
2019-39,39,09/22/2019,09/28/2019,2018-2019,0,0,0,0,0,0,0,0,0.00,0.00,0.00,0.00,0.00,0.00,0.00,0,0,0,0,0,0,0,0,0.00,0.00,0.00,0.00,0.00,0.00,0.00,0.00,0,0,0.00,0.00,0,0.00,0,0,0.00,0,0,0,0,0.00,0.00,0.00,0.00
2019-40,40,09/29/2019,10/05/2019,2019-2020,1,0,0,0,0,0,1,0,0.00,0.00,0.00,0.00,0.00,1.00,0.00,1,0,0,0,0,0,0,0,1.00,0.00,0.00,0.00,0.00,0.00,0.00,0.00,1,0,1.00,0.00,0,0.00,1,0,0.00,1,0,0,0,1.00,0.00,0.00,0.00
2019-41,41,10/06/2019,10/12/2019,2019-2020,0,0,0,0,0,0,0,0,0.00,0.00,0.00,0.00,0.00,0.00,0.00,0,0,0,0,0,0,0,0,0.00,0.00,0.00,0.00,0.00,0.00,0.00,0.00,0,0,0.00,0.00,0,0.00,0,0,0.00,0,0,0,0,0.00,0.00,0.00,0.00
2019-42,42,10/13/2019,10/19/2019,2019-2020,0,0,0,0,0,0,0,0,0.00,0.00,0.00,0.00,0.00,0.00,0.00,0,0,0,0,0,0,0,0,0.00,0.00,0.00,0.00,0.00,0.00,0.00,0.00,0,0,0.00,0.00,0,0.00,0,0,0.00,0,0,0,0,0.00,0.00,0.00,0.00
2019-43,43,10/20/2019,10/26/2019,2019-2020,0,0,0,0,0,0,0,0,0.00,0.00,0.00,0.00,0.00,0.00,0.00,0,0,0,0,0,0,0,0,0.00,0.00,0.00,0.00,0.00,0.00,0.00,0.00,0,0,0.00,0.00,0,0.00,0,0,0.00,0,0,0,0,0.00,0.00,0.00,0.00
2019-44,44,10/27/2019,11/02/2019,2019-2020,1,0,0,0,0,0,1,0,0.00,0.00,0.00,0.00,0.00,1.00,0.00,1,0,0,0,0,0,0,0,1.00,0.00,0.00,0.00,0.00,0.00,0.00,0.00,1,0,1.00,0.00,0,0.00,1,1,1.00,1,0,0,0,1.00,0.00,0.00,0.00
2019-45,45,11/03/2019,11/09/2019,2019-2020,2,0,0,0,1,0,1,0,0.00,0.00,0.00,0.50,0.00,0.50,0.00,0,2,0,0,0,0,0,0,0.00,1.00,0.00,0.00,0.00,0.00,0.00,0.00,1,1,0.50,0.50,0,0.00,2,2,1.00,0,1,1,0,0.00,0.50,0.50,0.00
2019-46,46,11/10/2019,11/16/2019,2019-2020,1,0,0,0,0,1,0,0,0.00,0.00,0.00,0.00,1.00,0.00,0.00,0,1,0,0,0,0,0,0,0.00,1.00,0.00,0.00,0.00,0.00,0.00,0.00,1,0,1.00,0.00,0,0.00,1,0,0.00,0,1,0,0,0.00,1.00,0.00,0.00
2019-47,47,11/17/2019,11/23/2019,2019-2020,1,0,1,0,0,0,0,0,0.00,1.00,0.00,0.00,0.00,0.00,0.00,0,1,0,0,0,0,0,0,0.00,1.00,0.00,0.00,0.00,0.00,0.00,0.00,1,0,1.00,0.00,0,0.00,1,0,0.00,0,1,0,0,0.00,1.00,0.00,0.00
2019-48,48,11/24/2019,11/30/2019,2019-2020,1,0,0,0,0,1,0,0,0.00,0.00,0.00,0.00,1.00,0.00,0.00,0,0,1,0,0,0,0,0,0.00,0.00,1.00,0.00,0.00,0.00,0.00,0.00,0,1,0.00,1.00,0,0.00,1,1,1.00,0,1,0,0,0.00,1.00,0.00,0.00
2019-49,49,12/01/2019,12/07/2019,2019-2020,1,0,0,0,0,1,0,0,0.00,0.00,0.00,0.00,1.00,0.00,0.00,0,1,0,0,0,0,0,0,0.00,1.00,0.00,0.00,0.00,0.00,0.00,0.00,1,0,1.00,0.00,0,0.00,1,0,0.00,0,1,0,0,0.00,1.00,0.00,0.00
2019-50,50,12/08/2019,12/14/2019,2019-2020,6,1,0,0,1,3,1,0,0.17,0.00,0.00,0.17,0.50,0.17,0.00,0,4,2,0,0,0,0,0,0.00,0.67,0.33,0.00,0.00,0.00,0.00,0.00,2,4,0.33,0.67,1,0.17,3,1,0.33,1,2,1,2,0.17,0.33,0.17,0.33
2019-51,51,12/15/2019,12/21/2019,2019-2020,7,0,2,0,0,4,1,0,0.00,0.29,0.00,0.00,0.57,0.14,0.00,3,3,1,0,0,0,0,0,0.43,0.43,0.14,0.00,0.00,0.00,0.00,0.00,6,1,0.86,0.14,1,0.14,6,5,0.83,1,3,1,2,0.14,0.43,0.14,0.29
2019-52,52,12/22/2019,12/28/2019,2019-2020,19,3,0,2,5,3,6,0,0.16,0.00,0.11,0.26,0.16,0.32,0.00,7,5,5,1,0,0,1,0,0.37,0.26,0.26,0.05,0.00,0.00,0.05,0.00,10,9,0.53,0.47,2,0.11,13,7,0.54,1,4,0,14,0.05,0.21,0.00,0.74
2020-01,1,12/29/2019,01/04/2020,2019-2020,27,4,2,0,8,4,9,0,0.15,0.07,0.00,0.30,0.15,0.33,0.00,6,13,7,1,0,0,0,0,0.22,0.48,0.26,0.04,0.00,0.00,0.00,0.00,16,11,0.59,0.41,2,0.07,16,5,0.31,0,10,4,13,0.00,0.37,0.15,0.48
2020-02,2,01/05/2020,01/11/2020,2019-2020,23,6,0,1,0,9,7,0,0.26,0.00,0.04,0.00,0.39,0.30,0.00,3,16,2,2,0,0,0,0,0.13,0.70,0.09,0.09,0.00,0.00,0.00,0.00,11,12,0.48,0.52,1,0.04,11,6,0.55,0,8,2,13,0.00,0.35,0.09,0.57
2020-03,3,01/12/2020,01/18/2020,2019-2020,30,7,2,2,6,7,6,0,0.23,0.07,0.07,0.20,0.23,0.20,0.00,4,14,10,0,0,0,1,1,0.13,0.47,0.33,0.00,0.00,0.00,0.03,0.03,16,14,0.53,0.47,1,0.03,16,9,0.56,0,18,4,8,0.00,0.60,0.13,0.27
2020-04,4,01/19/2020,01/25/2020,2019-2020,34,3,5,1,5,8,12,0,0.09,0.15,0.03,0.15,0.24,0.35,0.00,9,18,6,1,0,0,0,0,0.26,0.53,0.18,0.03,0.00,0.00,0.00,0.00,16,18,0.47,0.53,4,0.12,16,11,0.69,0,14,10,10,0.00,0.41,0.29,0.29
2020-05,5,01/26/2020,02/01/2020,2019-2020,39,9,3,3,6,6,11,1,0.23,0.08,0.08,0.15,0.15,0.28,0.03,10,19,6,2,0,0,1,1,0.26,0.49,0.15,0.05,0.00,0.00,0.03,0.03,14,25,0.36,0.64,1,0.03,24,15,0.62,0,20,7,12,0.00,0.51,0.18,0.31
2020-06,6,02/02/2020,02/08/2020,2019-2020,53,10,1,1,9,16,16,0,0.19,0.02,0.02,0.17,0.30,0.30,0.00,11,28,11,1,0,0,1,1,0.21,0.53,0.21,0.02,0.00,0.00,0.02,0.02,24,29,0.45,0.55,2,0.04,25,12,0.48,1,26,21,5,0.02,0.49,0.40,0.09
2020-07,7,02/09/2020,02/15/2020,2019-2020,56,13,3,2,8,14,16,0,0.23,0.05,0.04,0.14,0.25,0.29,0.00,7,35,11,1,0,0,1,1,0.12,0.62,0.20,0.02,0.00,0.00,0.02,0.02,26,30,0.46,0.54,2,0.04,37,18,0.49,2,29,21,4,0.04,0.52,0.38,0.07
2020-08,8,02/16/2020,02/22/2020,2019-2020,53,9,2,2,9,22,9,0,0.17,0.04,0.04,0.17,0.42,0.17,0.00,8,33,9,0,0,0,0,3,0.15,0.62,0.17,0.00,0.00,0.00,0.00,0.06,24,29,0.45,0.55,1,0.02,33,20,0.61,0,26,19,8,0.00,0.49,0.36,0.15
2020-09,9,02/23/2020,02/29/2020,2019-2020,42,6,3,2,8,14,9,0,0.14,0.07,0.05,0.19,0.33,0.21,0.00,11,23,6,1,0,0,1,0,0.26,0.55,0.14,0.02,0.00,0.00,0.02,0.00,23,19,0.55,0.45,1,0.02,20,11,0.55,0,28,6,8,0.00,0.67,0.14,0.19
2020-10,10,03/01/2020,03/07/2020,2019-2020,38,6,2,1,5,14,10,0,0.16,0.05,0.03,0.13,0.37,0.26,0.00,12,21,5,0,0,0,0,0,0.32,0.55,0.13,0.00,0.00,0.00,0.00,0.00,16,22,0.42,0.58,2,0.05,26,11,0.42,0,26,9,3,0.00,0.68,0.24,0.08
2020-11,11,03/08/2020,03/14/2020,2019-2020,30,2,2,1,9,9,7,0,0.07,0.07,0.03,0.30,0.30,0.23,0.00,10,13,5,1,0,0,1,0,0.33,0.43,0.17,0.03,0.00,0.00,0.03,0.00,16,14,0.53,0.47,4,0.13,16,8,0.50,0,14,13,3,0.00,0.47,0.43,0.10
2020-12,12,03/15/2020,03/21/2020,2019-2020,9,1,1,0,0,3,4,0,0.11,0.11,0.00,0.00,0.33,0.44,0.00,3,6,0,0,0,0,0,0,0.33,0.67,0.00,0.00,0.00,0.00,0.00,0.00,2,7,0.22,0.78,1,0.11,7,4,0.57,0,5,3,1,0.00,0.56,0.33,0.11
2020-13,13,03/22/2020,03/28/2020,2019-2020,1,0,0,0,0,0,1,0,0.00,0.00,0.00,0.00,0.00,1.00,0.00,1,0,0,0,0,0,0,0,1.00,0.00,0.00,0.00,0.00,0.00,0.00,0.00,0,1,0.00,1.00,0,0.00,1,1,1.00,0,0,0,1,0.00,0.00,0.00,1.00
2020-14,14,03/29/2020,04/04/2020,2019-2020,1,0,0,0,0,0,1,0,0.00,0.00,0.00,0.00,0.00,1.00,0.00,1,0,0,0,0,0,0,0,1.00,0.00,0.00,0.00,0.00,0.00,0.00,0.00,0,1,0.00,1.00,0,0.00,0,0,0.00,0,1,0,0,0.00,1.00,0.00,0.00
2020-15,15,04/05/2020,04/11/2020,2019-2020,1,0,1,0,0,0,0,0,0.00,1.00,0.00,0.00,0.00,0.00,0.00,0,1,0,0,0,0,0,0,0.00,1.00,0.00,0.00,0.00,0.00,0.00,0.00,1,0,1.00,0.00,0,0.00,1,1,1.00,0,0,0,1,0.00,0.00,0.00,1.00
2020-16,16,04/12/2020,04/18/2020,2019-2020,0,0,0,0,0,0,0,0,0.00,0.00,0.00,0.00,0.00,0.00,0.00,0,0,0,0,0,0,0,0,0.00,0.00,0.00,0.00,0.00,0.00,0.00,0.00,0,0,0.00,0.00,0,0.00,0,0,0.00,0,0,0,0,0.00,0.00,0.00,0.00
2020-17,17,04/19/2020,04/25/2020,2019-2020,1,0,0,0,0,0,1,0,0.00,0.00,0.00,0.00,0.00,1.00,0.00,0,0,1,0,0,0,0,0,0.00,0.00,1.00,0.00,0.00,0.00,0.00,0.00,0,1,0.00,1.00,1,1.00,0,0,0.00,0,0,0,1,0.00,0.00,0.00,1.00
2020-18,18,04/26/2020,05/02/2020,2019-2020,1,0,0,0,0,0,1,0,0.00,0.00,0.00,0.00,0.00,1.00,0.00,1,0,0,0,0,0,0,0,1.00,0.00,0.00,0.00,0.00,0.00,0.00,0.00,0,1,0.00,1.00,1,1.00,0,0,0.00,0,0,1,0,0.00,0.00,1.00,0.00
2020-19,19,05/03/2020,05/09/2020,2019-2020,0,0,0,0,0,0,0,0,0.00,0.00,0.00,0.00,0.00,0.00,0.00,0,0,0,0,0,0,0,0,0.00,0.00,0.00,0.00,0.00,0.00,0.00,0.00,0,0,0.00,0.00,0,0.00,0,0,0.00,0,0,0,0,0.00,0.00,0.00,0.00
2020-20,20,05/10/2020,05/16/2020,2019-2020,0,0,0,0,0,0,0,0,0.00,0.00,0.00,0.00,0.00,0.00,0.00,0,0,0,0,0,0,0,0,0.00,0.00,0.00,0.00,0.00,0.00,0.00,0.00,0,0,0.00,0.00,0,0.00,0,0,0.00,0,0,0,0,0.00,0.00,0.00,0.00
2020-21,21,05/17/2020,05/23/2020,2019-2020,0,0,0,0,0,0,0,0,0.00,0.00,0.00,0.00,0.00,0.00,0.00,0,0,0,0,0,0,0,0,0.00,0.00,0.00,0.00,0.00,0.00,0.00,0.00,0,0,0.00,0.00,0,0.00,0,0,0.00,0,0,0,0,0.00,0.00,0.00,0.00
2020-22,22,05/24/2020,05/30/2020,2019-2020,0,0,0,0,0,0,0,0,0.00,0.00,0.00,0.00,0.00,0.00,0.00,0,0,0,0,0,0,0,0,0.00,0.00,0.00,0.00,0.00,0.00,0.00,0.00,0,0,0.00,0.00,0,0.00,0,0,0.00,0,0,0,0,0.00,0.00,0.00,0.00
2020-23,23,05/31/2020,06/06/2020,2019-2020,0,0,0,0,0,0,0,0,0.00,0.00,0.00,0.00,0.00,0.00,0.00,0,0,0,0,0,0,0,0,0.00,0.00,0.00,0.00,0.00,0.00,0.00,0.00,0,0,0.00,0.00,0,0.00,0,0,0.00,0,0,0,0,0.00,0.00,0.00,0.00
2020-24,24,06/07/2020,06/13/2020,2019-2020,0,0,0,0,0,0,0,0,0.00,0.00,0.00,0.00,0.00,0.00,0.00,0,0,0,0,0,0,0,0,0.00,0.00,0.00,0.00,0.00,0.00,0.00,0.00,0,0,0.00,0.00,0,0.00,0,0,0.00,0,0,0,0,0.00,0.00,0.00,0.00
2020-25,25,06/14/2020,06/20/2020,2019-2020,0,0,0,0,0,0,0,0,0.00,0.00,0.00,0.00,0.00,0.00,0.00,0,0,0,0,0,0,0,0,0.00,0.00,0.00,0.00,0.00,0.00,0.00,0.00,0,0,0.00,0.00,0,0.00,0,0,0.00,0,0,0,0,0.00,0.00,0.00,0.00
2020-26,26,06/21/2020,06/27/2020,2019-2020,0,0,0,0,0,0,0,0,0.00,0.00,0.00,0.00,0.00,0.00,0.00,0,0,0,0,0,0,0,0,0.00,0.00,0.00,0.00,0.00,0.00,0.00,0.00,0,0,0.00,0.00,0,0.00,0,0,0.00,0,0,0,0,0.00,0.00,0.00,0.00
2020-27,27,06/28/2020,07/04/2020,2019-2020,0,0,0,0,0,0,0,0,0.00,0.00,0.00,0.00,0.00,0.00,0.00,0,0,0,0,0,0,0,0,0.00,0.00,0.00,0.00,0.00,0.00,0.00,0.00,0,0,0.00,0.00,0,0.00,0,0,0.00,0,0,0,0,0.00,0.00,0.00,0.00
2020-28,28,07/05/2020,07/11/2020,2019-2020,0,0,0,0,0,0,0,0,0.00,0.00,0.00,0.00,0.00,0.00,0.00,0,0,0,0,0,0,0,0,0.00,0.00,0.00,0.00,0.00,0.00,0.00,0.00,0,0,0.00,0.00,0,0.00,0,0,0.00,0,0,0,0,0.00,0.00,0.00,0.00
2020-29,29,07/12/2020,07/18/2020,2019-2020,0,0,0,0,0,0,0,0,0.00,0.00,0.00,0.00,0.00,0.00,0.00,0,0,0,0,0,0,0,0,0.00,0.00,0.00,0.00,0.00,0.00,0.00,0.00,0,0,0.00,0.00,0,0.00,0,0,0.00,0,0,0,0,0.00,0.00,0.00,0.00
2020-30,30,07/19/2020,07/25/2020,2019-2020,0,0,0,0,0,0,0,0,0.00,0.00,0.00,0.00,0.00,0.00,0.00,0,0,0,0,0,0,0,0,0.00,0.00,0.00,0.00,0.00,0.00,0.00,0.00,0,0,0.00,0.00,0,0.00,0,0,0.00,0,0,0,0,0.00,0.00,0.00,0.00
2020-31,31,07/26/2020,08/01/2020,2019-2020,0,0,0,0,0,0,0,0,0.00,0.00,0.00,0.00,0.00,0.00,0.00,0,0,0,0,0,0,0,0,0.00,0.00,0.00,0.00,0.00,0.00,0.00,0.00,0,0,0.00,0.00,0,0.00,0,0,0.00,0,0,0,0,0.00,0.00,0.00,0.00
2020-32,32,08/02/2020,08/08/2020,2019-2020,0,0,0,0,0,0,0,0,0.00,0.00,0.00,0.00,0.00,0.00,0.00,0,0,0,0,0,0,0,0,0.00,0.00,0.00,0.00,0.00,0.00,0.00,0.00,0,0,0.00,0.00,0,0.00,0,0,0.00,0,0,0,0,0.00,0.00,0.00,0.00
2020-33,33,08/09/2020,08/15/2020,2019-2020,0,0,0,0,0,0,0,0,0.00,0.00,0.00,0.00,0.00,0.00,0.00,0,0,0,0,0,0,0,0,0.00,0.00,0.00,0.00,0.00,0.00,0.00,0.00,0,0,0.00,0.00,0,0.00,0,0,0.00,0,0,0,0,0.00,0.00,0.00,0.00
2020-34,34,08/16/2020,08/22/2020,2019-2020,0,0,0,0,0,0,0,0,0.00,0.00,0.00,0.00,0.00,0.00,0.00,0,0,0,0,0,0,0,0,0.00,0.00,0.00,0.00,0.00,0.00,0.00,0.00,0,0,0.00,0.00,0,0.00,0,0,0.00,0,0,0,0,0.00,0.00,0.00,0.00
2020-35,35,08/23/2020,08/29/2020,2019-2020,0,0,0,0,0,0,0,0,0.00,0.00,0.00,0.00,0.00,0.00,0.00,0,0,0,0,0,0,0,0,0.00,0.00,0.00,0.00,0.00,0.00,0.00,0.00,0,0,0.00,0.00,0,0.00,0,0,0.00,0,0,0,0,0.00,0.00,0.00,0.00
2020-36,36,08/30/2020,09/05/2020,2019-2020,0,0,0,0,0,0,0,0,0.00,0.00,0.00,0.00,0.00,0.00,0.00,0,0,0,0,0,0,0,0,0.00,0.00,0.00,0.00,0.00,0.00,0.00,0.00,0,0,0.00,0.00,0,0.00,0,0,0.00,0,0,0,0,0.00,0.00,0.00,0.00
2020-37,37,09/06/2020,09/12/2020,2019-2020,1,0,0,0,0,1,0,0,0.00,0.00,0.00,0.00,1.00,0.00,0.00,0,1,0,0,0,0,0,0,0.00,1.00,0.00,0.00,0.00,0.00,0.00,0.00,1,0,1.00,0.00,0,0.00,1,0,0.00,1,0,0,0,1.00,0.00,0.00,0.00
2020-38,38,09/13/2020,09/19/2020,2019-2020,0,0,0,0,0,0,0,0,0.00,0.00,0.00,0.00,0.00,0.00,0.00,0,0,0,0,0,0,0,0,0.00,0.00,0.00,0.00,0.00,0.00,0.00,0.00,0,0,0.00,0.00,0,0.00,0,0,0.00,0,0,0,0,0.00,0.00,0.00,0.00
2020-39,39,09/20/2020,09/26/2020,2019-2020,0,0,0,0,0,0,0,0,0.00,0.00,0.00,0.00,0.00,0.00,0.00,0,0,0,0,0,0,0,0,0.00,0.00,0.00,0.00,0.00,0.00,0.00,0.00,0,0,0.00,0.00,0,0.00,0,0,0.00,0,0,0,0,0.00,0.00,0.00,0.00
2020-40,40,09/27/2020,10/03/2020,2020-2021,0,0,0,0,0,0,0,0,0.00,0.00,0.00,0.00,0.00,0.00,0.00,0,0,0,0,0,0,0,0,0.00,0.00,0.00,0.00,0.00,0.00,0.00,0.00,0,0,0.00,0.00,0,0.00,0,0,0.00,0,0,0,0,0.00,0.00,0.00,0.00
2020-41,41,10/04/2020,10/10/2020,2020-2021,1,0,0,0,0,0,1,0,0.00,0.00,0.00,0.00,0.00,1.00,0.00,0,1,0,0,0,0,0,0,0.00,1.00,0.00,0.00,0.00,0.00,0.00,0.00,0,1,0.00,1.00,0,0.00,1,0,0.00,0,1,0,0,0.00,1.00,0.00,0.00
2020-42,42,10/11/2020,10/17/2020,2020-2021,0,0,0,0,0,0,0,0,0.00,0.00,0.00,0.00,0.00,0.00,0.00,0,0,0,0,0,0,0,0,0.00,0.00,0.00,0.00,0.00,0.00,0.00,0.00,0,0,0.00,0.00,0,0.00,0,0,0.00,0,0,0,0,0.00,0.00,0.00,0.00
2020-43,43,10/18/2020,10/24/2020,2020-2021,0,0,0,0,0,0,0,0,0.00,0.00,0.00,0.00,0.00,0.00,0.00,0,0,0,0,0,0,0,0,0.00,0.00,0.00,0.00,0.00,0.00,0.00,0.00,0,0,0.00,0.00,0,0.00,0,0,0.00,0,0,0,0,0.00,0.00,0.00,0.00
2020-44,44,10/25/2020,10/31/2020,2020-2021,0,0,0,0,0,0,0,0,0.00,0.00,0.00,0.00,0.00,0.00,0.00,0,0,0,0,0,0,0,0,0.00,0.00,0.00,0.00,0.00,0.00,0.00,0.00,0,0,0.00,0.00,0,0.00,0,0,0.00,0,0,0,0,0.00,0.00,0.00,0.00
2020-45,45,11/01/2020,11/07/2020,2020-2021,0,0,0,0,0,0,0,0,0.00,0.00,0.00,0.00,0.00,0.00,0.00,0,0,0,0,0,0,0,0,0.00,0.00,0.00,0.00,0.00,0.00,0.00,0.00,0,0,0.00,0.00,0,0.00,0,0,0.00,0,0,0,0,0.00,0.00,0.00,0.00
2020-46,46,11/08/2020,11/14/2020,2020-2021,0,0,0,0,0,0,0,0,0.00,0.00,0.00,0.00,0.00,0.00,0.00,0,0,0,0,0,0,0,0,0.00,0.00,0.00,0.00,0.00,0.00,0.00,0.00,0,0,0.00,0.00,0,0.00,0,0,0.00,0,0,0,0,0.00,0.00,0.00,0.00
2020-47,47,11/15/2020,11/21/2020,2020-2021,0,0,0,0,0,0,0,0,0.00,0.00,0.00,0.00,0.00,0.00,0.00,0,0,0,0,0,0,0,0,0.00,0.00,0.00,0.00,0.00,0.00,0.00,0.00,0,0,0.00,0.00,0,0.00,0,0,0.00,0,0,0,0,0.00,0.00,0.00,0.00
2020-48,48,11/22/2020,11/28/2020,2020-2021,0,0,0,0,0,0,0,0,0.00,0.00,0.00,0.00,0.00,0.00,0.00,0,0,0,0,0,0,0,0,0.00,0.00,0.00,0.00,0.00,0.00,0.00,0.00,0,0,0.00,0.00,0,0.00,0,0,0.00,0,0,0,0,0.00,0.00,0.00,0.00
2020-49,49,11/29/2020,12/05/2020,2020-2021,0,0,0,0,0,0,0,0,0.00,0.00,0.00,0.00,0.00,0.00,0.00,0,0,0,0,0,0,0,0,0.00,0.00,0.00,0.00,0.00,0.00,0.00,0.00,0,0,0.00,0.00,0,0.00,0,0,0.00,0,0,0,0,0.00,0.00,0.00,0.00
2020-50,50,12/06/2020,12/12/2020,2020-2021,0,0,0,0,0,0,0,0,0.00,0.00,0.00,0.00,0.00,0.00,0.00,0,0,0,0,0,0,0,0,0.00,0.00,0.00,0.00,0.00,0.00,0.00,0.00,0,0,0.00,0.00,0,0.00,0,0,0.00,0,0,0,0,0.00,0.00,0.00,0.00
2020-51,51,12/13/2020,12/19/2020,2020-2021,0,0,0,0,0,0,0,0,0.00,0.00,0.00,0.00,0.00,0.00,0.00,0,0,0,0,0,0,0,0,0.00,0.00,0.00,0.00,0.00,0.00,0.00,0.00,0,0,0.00,0.00,0,0.00,0,0,0.00,0,0,0,0,0.00,0.00,0.00,0.00
2020-52,52,12/20/2020,12/26/2020,2020-2021,0,0,0,0,0,0,0,0,0.00,0.00,0.00,0.00,0.00,0.00,0.00,0,0,0,0,0,0,0,0,0.00,0.00,0.00,0.00,0.00,0.00,0.00,0.00,0,0,0.00,0.00,0,0.00,0,0,0.00,0,0,0,0,0.00,0.00,0.00,0.00
2021-01,1,01/03/2021,01/09/2021,2020-2021,0,0,0,0,0,0,0,0,0.00,0.00,0.00,0.00,0.00,0.00,0.00,0,0,0,0,0,0,0,0,0.00,0.00,0.00,0.00,0.00,0.00,0.00,0.00,0,0,0.00,0.00,0,0.00,0,0,0.00,0,0,0,0,0.00,0.00,0.00,0.00
2021-02,2,01/10/2021,01/16/2021,2020-2021,0,0,0,0,0,0,0,0,0.00,0.00,0.00,0.00,0.00,0.00,0.00,0,0,0,0,0,0,0,0,0.00,0.00,0.00,0.00,0.00,0.00,0.00,0.00,0,0,0.00,0.00,0,0.00,0,0,0.00,0,0,0,0,0.00,0.00,0.00,0.00
2021-03,3,01/17/2021,01/23/2021,2020-2021,0,0,0,0,0,0,0,0,0.00,0.00,0.00,0.00,0.00,0.00,0.00,0,0,0,0,0,0,0,0,0.00,0.00,0.00,0.00,0.00,0.00,0.00,0.00,0,0,0.00,0.00,0,0.00,0,0,0.00,0,0,0,0,0.00,0.00,0.00,0.00
2021-04,4,01/24/2021,01/30/2021,2020-2021,0,0,0,0,0,0,0,0,0.00,0.00,0.00,0.00,0.00,0.00,0.00,0,0,0,0,0,0,0,0,0.00,0.00,0.00,0.00,0.00,0.00,0.00,0.00,0,0,0.00,0.00,0,0.00,0,0,0.00,0,0,0,0,0.00,0.00,0.00,0.00
2021-05,5,01/31/2021,02/06/2021,2020-2021,0,0,0,0,0,0,0,0,0.00,0.00,0.00,0.00,0.00,0.00,0.00,0,0,0,0,0,0,0,0,0.00,0.00,0.00,0.00,0.00,0.00,0.00,0.00,0,0,0.00,0.00,0,0.00,0,0,0.00,0,0,0,0,0.00,0.00,0.00,0.00
2021-06,6,02/07/2021,02/13/2021,2020-2021,0,0,0,0,0,0,0,0,0.00,0.00,0.00,0.00,0.00,0.00,0.00,0,0,0,0,0,0,0,0,0.00,0.00,0.00,0.00,0.00,0.00,0.00,0.00,0,0,0.00,0.00,0,0.00,0,0,0.00,0,0,0,0,0.00,0.00,0.00,0.00
2021-07,7,02/14/2021,02/20/2021,2020-2021,0,0,0,0,0,0,0,0,0.00,0.00,0.00,0.00,0.00,0.00,0.00,0,0,0,0,0,0,0,0,0.00,0.00,0.00,0.00,0.00,0.00,0.00,0.00,0,0,0.00,0.00,0,0.00,0,0,0.00,0,0,0,0,0.00,0.00,0.00,0.00
2021-08,8,02/21/2021,02/27/2021,2020-2021,0,0,0,0,0,0,0,0,0.00,0.00,0.00,0.00,0.00,0.00,0.00,0,0,0,0,0,0,0,0,0.00,0.00,0.00,0.00,0.00,0.00,0.00,0.00,0,0,0.00,0.00,0,0.00,0,0,0.00,0,0,0,0,0.00,0.00,0.00,0.00
2021-09,9,02/28/2021,03/06/2021,2020-2021,0,0,0,0,0,0,0,0,0.00,0.00,0.00,0.00,0.00,0.00,0.00,0,0,0,0,0,0,0,0,0.00,0.00,0.00,0.00,0.00,0.00,0.00,0.00,0,0,0.00,0.00,0,0.00,0,0,0.00,0,0,0,0,0.00,0.00,0.00,0.00
2021-10,10,03/07/2021,03/13/2021,2020-2021,0,0,0,0,0,0,0,0,0.00,0.00,0.00,0.00,0.00,0.00,0.00,0,0,0,0,0,0,0,0,0.00,0.00,0.00,0.00,0.00,0.00,0.00,0.00,0,0,0.00,0.00,0,0.00,0,0,0.00,0,0,0,0,0.00,0.00,0.00,0.00
2021-11,11,03/14/2021,03/20/2021,2020-2021,0,0,0,0,0,0,0,0,0.00,0.00,0.00,0.00,0.00,0.00,0.00,0,0,0,0,0,0,0,0,0.00,0.00,0.00,0.00,0.00,0.00,0.00,0.00,0,0,0.00,0.00,0,0.00,0,0,0.00,0,0,0,0,0.00,0.00,0.00,0.00
2021-12,12,03/21/2021,03/27/2021,2020-2021,0,0,0,0,0,0,0,0,0.00,0.00,0.00,0.00,0.00,0.00,0.00,0,0,0,0,0,0,0,0,0.00,0.00,0.00,0.00,0.00,0.00,0.00,0.00,0,0,0.00,0.00,0,0.00,0,0,0.00,0,0,0,0,0.00,0.00,0.00,0.00
2021-13,13,03/28/2021,04/03/2021,2020-2021,0,0,0,0,0,0,0,0,0.00,0.00,0.00,0.00,0.00,0.00,0.00,0,0,0,0,0,0,0,0,0.00,0.00,0.00,0.00,0.00,0.00,0.00,0.00,0,0,0.00,0.00,0,0.00,0,0,0.00,0,0,0,0,0.00,0.00,0.00,0.00
2021-14,14,04/04/2021,04/10/2021,2020-2021,0,0,0,0,0,0,0,0,0.00,0.00,0.00,0.00,0.00,0.00,0.00,0,0,0,0,0,0,0,0,0.00,0.00,0.00,0.00,0.00,0.00,0.00,0.00,0,0,0.00,0.00,0,0.00,0,0,0.00,0,0,0,0,0.00,0.00,0.00,0.00
2021-15,15,04/11/2021,04/17/2021,2020-2021,0,0,0,0,0,0,0,0,0.00,0.00,0.00,0.00,0.00,0.00,0.00,0,0,0,0,0,0,0,0,0.00,0.00,0.00,0.00,0.00,0.00,0.00,0.00,0,0,0.00,0.00,0,0.00,0,0,0.00,0,0,0,0,0.00,0.00,0.00,0.00
2021-16,16,04/18/2021,04/24/2021,2020-2021,0,0,0,0,0,0,0,0,0.00,0.00,0.00,0.00,0.00,0.00,0.00,0,0,0,0,0,0,0,0,0.00,0.00,0.00,0.00,0.00,0.00,0.00,0.00,0,0,0.00,0.00,0,0.00,0,0,0.00,0,0,0,0,0.00,0.00,0.00,0.00
2021-17,17,04/25/2021,05/01/2021,2020-2021,0,0,0,0,0,0,0,0,0.00,0.00,0.00,0.00,0.00,0.00,0.00,0,0,0,0,0,0,0,0,0.00,0.00,0.00,0.00,0.00,0.00,0.00,0.00,0,0,0.00,0.00,0,0.00,0,0,0.00,0,0,0,0,0.00,0.00,0.00,0.00
2021-18,18,05/02/2021,05/08/2021,2020-2021,0,0,0,0,0,0,0,0,0.00,0.00,0.00,0.00,0.00,0.00,0.00,0,0,0,0,0,0,0,0,0.00,0.00,0.00,0.00,0.00,0.00,0.00,0.00,0,0,0.00,0.00,0,0.00,0,0,0.00,0,0,0,0,0.00,0.00,0.00,0.00
2021-19,19,05/09/2021,05/15/2021,2020-2021,0,0,0,0,0,0,0,0,0.00,0.00,0.00,0.00,0.00,0.00,0.00,0,0,0,0,0,0,0,0,0.00,0.00,0.00,0.00,0.00,0.00,0.00,0.00,0,0,0.00,0.00,0,0.00,0,0,0.00,0,0,0,0,0.00,0.00,0.00,0.00
2021-20,20,05/16/2021,05/22/2021,2020-2021,0,0,0,0,0,0,0,0,0.00,0.00,0.00,0.00,0.00,0.00,0.00,0,0,0,0,0,0,0,0,0.00,0.00,0.00,0.00,0.00,0.00,0.00,0.00,0,0,0.00,0.00,0,0.00,0,0,0.00,0,0,0,0,0.00,0.00,0.00,0.00
2021-21,21,05/23/2021,05/29/2021,2020-2021,0,0,0,0,0,0,0,0,0.00,0.00,0.00,0.00,0.00,0.00,0.00,0,0,0,0,0,0,0,0,0.00,0.00,0.00,0.00,0.00,0.00,0.00,0.00,0,0,0.00,0.00,0,0.00,0,0,0.00,0,0,0,0,0.00,0.00,0.00,0.00
2021-22,22,05/30/2021,06/05/2021,2020-2021,0,0,0,0,0,0,0,0,0.00,0.00,0.00,0.00,0.00,0.00,0.00,0,0,0,0,0,0,0,0,0.00,0.00,0.00,0.00,0.00,0.00,0.00,0.00,0,0,0.00,0.00,0,0.00,0,0,0.00,0,0,0,0,0.00,0.00,0.00,0.00
2021-23,23,06/06/2021,06/12/2021,2020-2021,0,0,0,0,0,0,0,0,0.00,0.00,0.00,0.00,0.00,0.00,0.00,0,0,0,0,0,0,0,0,0.00,0.00,0.00,0.00,0.00,0.00,0.00,0.00,0,0,0.00,0.00,0,0.00,0,0,0.00,0,0,0,0,0.00,0.00,0.00,0.00
2021-24,24,06/13/2021,06/19/2021,2020-2021,0,0,0,0,0,0,0,0,0.00,0.00,0.00,0.00,0.00,0.00,0.00,0,0,0,0,0,0,0,0,0.00,0.00,0.00,0.00,0.00,0.00,0.00,0.00,0,0,0.00,0.00,0,0.00,0,0,0.00,0,0,0,0,0.00,0.00,0.00,0.00
2021-25,25,06/20/2021,06/26/2021,2020-2021,0,0,0,0,0,0,0,0,0.00,0.00,0.00,0.00,0.00,0.00,0.00,0,0,0,0,0,0,0,0,0.00,0.00,0.00,0.00,0.00,0.00,0.00,0.00,0,0,0.00,0.00,0,0.00,0,0,0.00,0,0,0,0,0.00,0.00,0.00,0.00
2021-26,26,06/27/2021,07/03/2021,2020-2021,0,0,0,0,0,0,0,0,0.00,0.00,0.00,0.00,0.00,0.00,0.00,0,0,0,0,0,0,0,0,0.00,0.00,0.00,0.00,0.00,0.00,0.00,0.00,0,0,0.00,0.00,0,0.00,0,0,0.00,0,0,0,0,0.00,0.00,0.00,0.00
2021-27,27,07/04/2021,07/10/2021,2020-2021,0,0,0,0,0,0,0,0,0.00,0.00,0.00,0.00,0.00,0.00,0.00,0,0,0,0,0,0,0,0,0.00,0.00,0.00,0.00,0.00,0.00,0.00,0.00,0,0,0.00,0.00,0,0.00,0,0,0.00,0,0,0,0,0.00,0.00,0.00,0.00
2021-28,28,07/11/2021,07/17/2021,2020-2021,1,0,0,0,0,1,0,0,0.00,0.00,0.00,0.00,1.00,0.00,0.00,0,1,0,0,0,0,0,0,0.00,1.00,0.00,0.00,0.00,0.00,0.00,0.00,1,0,1.00,0.00,0,0.00,1,0,0.00,0,1,0,0,0.00,1.00,0.00,0.00
2021-29,29,07/18/2021,07/24/2021,2020-2021,0,0,0,0,0,0,0,0,0.00,0.00,0.00,0.00,0.00,0.00,0.00,0,0,0,0,0,0,0,0,0.00,0.00,0.00,0.00,0.00,0.00,0.00,0.00,0,0,0.00,0.00,0,0.00,0,0,0.00,0,0,0,0,0.00,0.00,0.00,0.00
2021-30,30,07/25/2021,07/31/2021,2020-2021,0,0,0,0,0,0,0,0,0.00,0.00,0.00,0.00,0.00,0.00,0.00,0,0,0,0,0,0,0,0,0.00,0.00,0.00,0.00,0.00,0.00,0.00,0.00,0,0,0.00,0.00,0,0.00,0,0,0.00,0,0,0,0,0.00,0.00,0.00,0.00
2021-31,31,08/01/2021,08/07/2021,2020-2021,0,0,0,0,0,0,0,0,0.00,0.00,0.00,0.00,0.00,0.00,0.00,0,0,0,0,0,0,0,0,0.00,0.00,0.00,0.00,0.00,0.00,0.00,0.00,0,0,0.00,0.00,0,0.00,0,0,0.00,0,0,0,0,0.00,0.00,0.00,0.00
2021-32,32,08/08/2021,08/14/2021,2020-2021,0,0,0,0,0,0,0,0,0.00,0.00,0.00,0.00,0.00,0.00,0.00,0,0,0,0,0,0,0,0,0.00,0.00,0.00,0.00,0.00,0.00,0.00,0.00,0,0,0.00,0.00,0,0.00,0,0,0.00,0,0,0,0,0.00,0.00,0.00,0.00
2021-33,33,08/15/2021,08/21/2021,2020-2021,0,0,0,0,0,0,0,0,0.00,0.00,0.00,0.00,0.00,0.00,0.00,0,0,0,0,0,0,0,0,0.00,0.00,0.00,0.00,0.00,0.00,0.00,0.00,0,0,0.00,0.00,0,0.00,0,0,0.00,0,0,0,0,0.00,0.00,0.00,0.00
2021-34,34,08/22/2021,08/28/2021,2020-2021,0,0,0,0,0,0,0,0,0.00,0.00,0.00,0.00,0.00,0.00,0.00,0,0,0,0,0,0,0,0,0.00,0.00,0.00,0.00,0.00,0.00,0.00,0.00,0,0,0.00,0.00,0,0.00,0,0,0.00,0,0,0,0,0.00,0.00,0.00,0.00
2021-35,35,08/29/2021,09/04/2021,2020-2021,0,0,0,0,0,0,0,0,0.00,0.00,0.00,0.00,0.00,0.00,0.00,0,0,0,0,0,0,0,0,0.00,0.00,0.00,0.00,0.00,0.00,0.00,0.00,0,0,0.00,0.00,0,0.00,0,0,0.00,0,0,0,0,0.00,0.00,0.00,0.00
2021-36,36,09/05/2021,09/11/2021,2020-2021,0,0,0,0,0,0,0,0,0.00,0.00,0.00,0.00,0.00,0.00,0.00,0,0,0,0,0,0,0,0,0.00,0.00,0.00,0.00,0.00,0.00,0.00,0.00,0,0,0.00,0.00,0,0.00,0,0,0.00,0,0,0,0,0.00,0.00,0.00,0.00
2021-37,37,09/12/2021,09/18/2021,2020-2021,0,0,0,0,0,0,0,0,0.00,0.00,0.00,0.00,0.00,0.00,0.00,0,0,0,0,0,0,0,0,0.00,0.00,0.00,0.00,0.00,0.00,0.00,0.00,0,0,0.00,0.00,0,0.00,0,0,0.00,0,0,0,0,0.00,0.00,0.00,0.00
2021-38,38,09/19/2021,09/25/2021,2020-2021,0,0,0,0,0,0,0,0,0.00,0.00,0.00,0.00,0.00,0.00,0.00,0,0,0,0,0,0,0,0,0.00,0.00,0.00,0.00,0.00,0.00,0.00,0.00,0,0,0.00,0.00,0,0.00,0,0,0.00,0,0,0,0,0.00,0.00,0.00,0.00
2021-39,39,09/26/2021,10/02/2021,2020-2021,0,0,0,0,0,0,0,0,0.00,0.00,0.00,0.00,0.00,0.00,0.00,0,0,0,0,0,0,0,0,0.00,0.00,0.00,0.00,0.00,0.00,0.00,0.00,0,0,0.00,0.00,0,0.00,0,0,0.00,0,0,0,0,0.00,0.00,0.00,0.00
2021-40,40,10/03/2021,10/09/2021,2021-2022,0,0,0,0,0,0,0,0,0.00,0.00,0.00,0.00,0.00,0.00,0.00,0,0,0,0,0,0,0,0,0.00,0.00,0.00,0.00,0.00,0.00,0.00,0.00,0,0,0.00,0.00,0,0.00,0,0,0.00,0,0,0,0,0.00,0.00,0.00,0.00
2021-41,41,10/10/2021,10/16/2021,2021-2022,0,0,0,0,0,0,0,0,0.00,0.00,0.00,0.00,0.00,0.00,0.00,0,0,0,0,0,0,0,0,0.00,0.00,0.00,0.00,0.00,0.00,0.00,0.00,0,0,0.00,0.00,0,0.00,0,0,0.00,0,0,0,0,0.00,0.00,0.00,0.00
2021-42,42,10/17/2021,10/23/2021,2021-2022,0,0,0,0,0,0,0,0,0.00,0.00,0.00,0.00,0.00,0.00,0.00,0,0,0,0,0,0,0,0,0.00,0.00,0.00,0.00,0.00,0.00,0.00,0.00,0,0,0.00,0.00,0,0.00,0,0,0.00,0,0,0,0,0.00,0.00,0.00,0.00
2021-43,43,10/24/2021,10/30/2021,2021-2022,0,0,0,0,0,0,0,0,0.00,0.00,0.00,0.00,0.00,0.00,0.00,0,0,0,0,0,0,0,0,0.00,0.00,0.00,0.00,0.00,0.00,0.00,0.00,0,0,0.00,0.00,0,0.00,0,0,0.00,0,0,0,0,0.00,0.00,0.00,0.00
2021-44,44,10/31/2021,11/06/2021,2021-2022,0,0,0,0,0,0,0,0,0.00,0.00,0.00,0.00,0.00,0.00,0.00,0,0,0,0,0,0,0,0,0.00,0.00,0.00,0.00,0.00,0.00,0.00,0.00,0,0,0.00,0.00,0,0.00,0,0,0.00,0,0,0,0,0.00,0.00,0.00,0.00
2021-45,45,11/07/2021,11/13/2021,2021-2022,0,0,0,0,0,0,0,0,0.00,0.00,0.00,0.00,0.00,0.00,0.00,0,0,0,0,0,0,0,0,0.00,0.00,0.00,0.00,0.00,0.00,0.00,0.00,0,0,0.00,0.00,0,0.00,0,0,0.00,0,0,0,0,0.00,0.00,0.00,0.00
2021-46,46,11/14/2021,11/20/2021,2021-2022,0,0,0,0,0,0,0,0,0.00,0.00,0.00,0.00,0.00,0.00,0.00,0,0,0,0,0,0,0,0,0.00,0.00,0.00,0.00,0.00,0.00,0.00,0.00,0,0,0.00,0.00,0,0.00,0,0,0.00,0,0,0,0,0.00,0.00,0.00,0.00
2021-47,47,11/21/2021,11/27/2021,2021-2022,0,0,0,0,0,0,0,0,0.00,0.00,0.00,0.00,0.00,0.00,0.00,0,0,0,0,0,0,0,0,0.00,0.00,0.00,0.00,0.00,0.00,0.00,0.00,0,0,0.00,0.00,0,0.00,0,0,0.00,0,0,0,0,0.00,0.00,0.00,0.00
2021-48,48,11/28/2021,12/04/2021,2021-2022,0,0,0,0,0,0,0,0,0.00,0.00,0.00,0.00,0.00,0.00,0.00,0,0,0,0,0,0,0,0,0.00,0.00,0.00,0.00,0.00,0.00,0.00,0.00,0,0,0.00,0.00,0,0.00,0,0,0.00,0,0,0,0,0.00,0.00,0.00,0.00
2021-49,49,12/05/2021,12/11/2021,2021-2022,0,0,0,0,0,0,0,0,0.00,0.00,0.00,0.00,0.00,0.00,0.00,0,0,0,0,0,0,0,0,0.00,0.00,0.00,0.00,0.00,0.00,0.00,0.00,0,0,0.00,0.00,0,0.00,0,0,0.00,0,0,0,0,0.00,0.00,0.00,0.00
2021-50,50,12/12/2021,12/18/2021,2021-2022,1,0,0,0,0,1,0,0,0.00,0.00,0.00,0.00,1.00,0.00,0.00,1,0,0,0,0,0,0,0,1.00,0.00,0.00,0.00,0.00,0.00,0.00,0.00,1,0,1.00,0.00,0,0.00,1,1,1.00,0,1,0,0,0.00,1.00,0.00,0.00
2021-51,51,12/19/2021,12/25/2021,2021-2022,1,0,0,0,1,0,0,0,0.00,0.00,0.00,1.00,0.00,0.00,0.00,0,0,1,0,0,0,0,0,0.00,0.00,1.00,0.00,0.00,0.00,0.00,0.00,0,1,0.00,1.00,1,1.00,1,1,1.00,0,1,0,0,0.00,1.00,0.00,0.00
2021-52,52,12/26/2021,01/01/2022,2021-2022,0,0,0,0,0,0,0,0,0.00,0.00,0.00,0.00,0.00,0.00,0.00,0,0,0,0,0,0,0,0,0.00,0.00,0.00,0.00,0.00,0.00,0.00,0.00,0,0,0.00,0.00,0,0.00,0,0,0.00,0,0,0,0,0.00,0.00,0.00,0.00
2022-01,1,01/02/2022,01/08/2022,2021-2022,1,0,0,0,0,0,1,0,0.00,0.00,0.00,0.00,0.00,1.00,0.00,1,0,0,0,0,0,0,0,1.00,0.00,0.00,0.00,0.00,0.00,0.00,0.00,0,1,0.00,1.00,1,1.00,1,1,1.00,0,1,0,0,0.00,1.00,0.00,0.00
2022-02,2,01/09/2022,01/15/2022,2021-2022,0,0,0,0,0,0,0,0,0.00,0.00,0.00,0.00,0.00,0.00,0.00,0,0,0,0,0,0,0,0,0.00,0.00,0.00,0.00,0.00,0.00,0.00,0.00,0,0,0.00,0.00,0,0.00,0,0,0.00,0,0,0,0,0.00,0.00,0.00,0.00
2022-03,3,01/16/2022,01/22/2022,2021-2022,2,0,0,0,1,1,0,0,0.00,0.00,0.00,0.50,0.50,0.00,0.00,0,0,1,0,0,0,1,0,0.00,0.00,0.50,0.00,0.00,0.00,0.50,0.00,1,1,0.50,0.50,0,0.00,0,0,0.00,1,1,0,0,0.50,0.50,0.00,0.00
2022-04,4,01/23/2022,01/29/2022,2021-2022,0,0,0,0,0,0,0,0,0.00,0.00,0.00,0.00,0.00,0.00,0.00,0,0,0,0,0,0,0,0,0.00,0.00,0.00,0.00,0.00,0.00,0.00,0.00,0,0,0.00,0.00,0,0.00,0,0,0.00,0,0,0,0,0.00,0.00,0.00,0.00
2022-05,5,01/30/2022,02/05/2022,2021-2022,0,0,0,0,0,0,0,0,0.00,0.00,0.00,0.00,0.00,0.00,0.00,0,0,0,0,0,0,0,0,0.00,0.00,0.00,0.00,0.00,0.00,0.00,0.00,0,0,0.00,0.00,0,0.00,0,0,0.00,0,0,0,0,0.00,0.00,0.00,0.00
2022-06,6,02/06/2022,02/12/2022,2021-2022,0,0,0,0,0,0,0,0,0.00,0.00,0.00,0.00,0.00,0.00,0.00,0,0,0,0,0,0,0,0,0.00,0.00,0.00,0.00,0.00,0.00,0.00,0.00,0,0,0.00,0.00,0,0.00,0,0,0.00,0,0,0,0,0.00,0.00,0.00,0.00
2022-07,7,02/13/2022,02/19/2022,2021-2022,0,0,0,0,0,0,0,0,0.00,0.00,0.00,0.00,0.00,0.00,0.00,0,0,0,0,0,0,0,0,0.00,0.00,0.00,0.00,0.00,0.00,0.00,0.00,0,0,0.00,0.00,0,0.00,0,0,0.00,0,0,0,0,0.00,0.00,0.00,0.00
2022-08,8,02/20/2022,02/26/2022,2021-2022,0,0,0,0,0,0,0,0,0.00,0.00,0.00,0.00,0.00,0.00,0.00,0,0,0,0,0,0,0,0,0.00,0.00,0.00,0.00,0.00,0.00,0.00,0.00,0,0,0.00,0.00,0,0.00,0,0,0.00,0,0,0,0,0.00,0.00,0.00,0.00
2022-09,9,02/27/2022,03/05/2022,2021-2022,0,0,0,0,0,0,0,0,0.00,0.00,0.00,0.00,0.00,0.00,0.00,0,0,0,0,0,0,0,0,0.00,0.00,0.00,0.00,0.00,0.00,0.00,0.00,0,0,0.00,0.00,0,0.00,0,0,0.00,0,0,0,0,0.00,0.00,0.00,0.00
2022-10,10,03/06/2022,03/12/2022,2021-2022,0,0,0,0,0,0,0,0,0.00,0.00,0.00,0.00,0.00,0.00,0.00,0,0,0,0,0,0,0,0,0.00,0.00,0.00,0.00,0.00,0.00,0.00,0.00,0,0,0.00,0.00,0,0.00,0,0,0.00,0,0,0,0,0.00,0.00,0.00,0.00
2022-11,11,03/13/2022,03/19/2022,2021-2022,1,0,0,0,0,1,0,0,0.00,0.00,0.00,0.00,1.00,0.00,0.00,0,1,0,0,0,0,0,0,0.00,1.00,0.00,0.00,0.00,0.00,0.00,0.00,0,1,0.00,1.00,0,0.00,0,0,0.00,1,0,0,0,1.00,0.00,0.00,0.00
2022-12,12,03/20/2022,03/26/2022,2021-2022,2,0,0,1,1,0,0,0,0.00,0.00,0.50,0.50,0.00,0.00,0.00,0,2,0,0,0,0,0,0,0.00,1.00,0.00,0.00,0.00,0.00,0.00,0.00,2,0,1.00,0.00,0,0.00,2,0,0.00,2,0,0,0,1.00,0.00,0.00,0.00
2022-13,13,03/27/2022,04/02/2022,2021-2022,6,1,2,0,1,1,1,0,0.17,0.33,0.00,0.17,0.17,0.17,0.00,0,5,1,0,0,0,0,0,0.00,0.83,0.17,0.00,0.00,0.00,0.00,0.00,4,2,0.67,0.33,1,0.17,5,2,0.40,5,1,0,0,0.83,0.17,0.00,0.00
2022-14,14,04/03/2022,04/09/2022,2021-2022,6,3,0,0,0,2,1,0,0.50,0.00,0.00,0.00,0.33,0.17,0.00,0,5,0,0,0,0,0,1,0.00,0.83,0.00,0.00,0.00,0.00,0.00,0.17,2,4,0.33,0.67,0,0.00,5,1,0.20,3,3,0,0,0.50,0.50,0.00,0.00
2022-15,15,04/10/2022,04/16/2022,2021-2022,8,1,1,0,2,2,2,0,0.12,0.12,0.00,0.25,0.25,0.25,0.00,1,6,1,0,0,0,0,0,0.12,0.75,0.12,0.00,0.00,0.00,0.00,0.00,5,3,0.62,0.38,0,0.00,7,1,0.14,5,3,0,0,0.62,0.38,0.00,0.00
2022-16,16,04/17/2022,04/23/2022,2021-2022,6,0,0,0,3,1,2,0,0.00,0.00,0.00,0.50,0.17,0.33,0.00,0,6,0,0,0,0,0,0,0.00,1.00,0.00,0.00,0.00,0.00,0.00,0.00,2,4,0.33,0.67,0,0.00,5,2,0.40,4,2,0,0,0.67,0.33,0.00,0.00
2022-17,17,04/24/2022,04/30/2022,2021-2022,2,0,0,0,1,1,0,0,0.00,0.00,0.00,0.50,0.50,0.00,0.00,0,1,1,0,0,0,0,0,0.00,0.50,0.50,0.00,0.00,0.00,0.00,0.00,1,1,0.50,0.50,0,0.00,2,0,0.00,0,2,0,0,0.00,1.00,0.00,0.00
2022-18,18,05/01/2022,05/07/2022,2021-2022,4,0,0,0,1,2,1,0,0.00,0.00,0.00,0.25,0.50,0.25,0.00,0,3,1,0,0,0,0,0,0.00,0.75,0.25,0.00,0.00,0.00,0.00,0.00,1,2,0.25,0.50,1,0.25,2,2,1.00,2,2,0,0,0.50,0.50,0.00,0.00
2022-19,19,05/08/2022,05/14/2022,2021-2022,4,1,0,0,1,0,2,0,0.25,0.00,0.00,0.25,0.00,0.50,0.00,0,4,0,0,0,0,0,0,0.00,1.00,0.00,0.00,0.00,0.00,0.00,0.00,1,3,0.25,0.75,2,0.50,4,2,0.50,1,3,0,0,0.25,0.75,0.00,0.00
2022-20,20,05/15/2022,05/21/2022,2021-2022,0,0,0,0,0,0,0,0,0.00,0.00,0.00,0.00,0.00,0.00,0.00,0,0,0,0,0,0,0,0,0.00,0.00,0.00,0.00,0.00,0.00,0.00,0.00,0,0,0.00,0.00,0,0.00,0,0,0.00,0,0,0,0,0.00,0.00,0.00,0.00
2022-21,21,05/22/2022,05/28/2022,2021-2022,1,0,0,0,1,0,0,0,0.00,0.00,0.00,1.00,0.00,0.00,0.00,0,1,0,0,0,0,0,0,0.00,1.00,0.00,0.00,0.00,0.00,0.00,0.00,0,1,0.00,1.00,0,0.00,1,1,1.00,1,0,0,0,1.00,0.00,0.00,0.00
2022-22,22,05/29/2022,06/04/2022,2021-2022,2,0,0,1,0,0,1,0,0.00,0.00,0.50,0.00,0.00,0.50,0.00,0,2,0,0,0,0,0,0,0.00,1.00,0.00,0.00,0.00,0.00,0.00,0.00,1,1,0.50,0.50,0,0.00,1,0,0.00,1,1,0,0,0.50,0.50,0.00,0.00
2022-23,23,06/05/2022,06/11/2022,2021-2022,2,0,1,0,0,0,1,0,0.00,0.50,0.00,0.00,0.00,0.50,0.00,0,1,1,0,0,0,0,0,0.00,0.50,0.50,0.00,0.00,0.00,0.00,0.00,2,0,1.00,0.00,0,0.00,1,1,1.00,1,0,0,1,0.50,0.00,0.00,0.50
2022-24,24,06/12/2022,06/18/2022,2021-2022,1,1,0,0,0,0,0,0,1.00,0.00,0.00,0.00,0.00,0.00,0.00,0,0,1,0,0,0,0,0,0.00,0.00,1.00,0.00,0.00,0.00,0.00,0.00,0,1,0.00,1.00,0,0.00,1,1,1.00,1,0,0,0,1.00,0.00,0.00,0.00
2022-25,25,06/19/2022,06/25/2022,2021-2022,1,0,0,0,0,0,1,0,0.00,0.00,0.00,0.00,0.00,1.00,0.00,1,0,0,0,0,0,0,0,1.00,0.00,0.00,0.00,0.00,0.00,0.00,0.00,0,1,0.00,1.00,0,0.00,1,1,1.00,1,0,0,0,1.00,0.00,0.00,0.00
2022-26,26,06/26/2022,07/02/2022,2021-2022,0,0,0,0,0,0,0,0,0.00,0.00,0.00,0.00,0.00,0.00,0.00,0,0,0,0,0,0,0,0,0.00,0.00,0.00,0.00,0.00,0.00,0.00,0.00,0,0,0.00,0.00,0,0.00,0,0,0.00,0,0,0,0,0.00,0.00,0.00,0.00
2022-27,27,07/03/2022,07/09/2022,2021-2022,0,0,0,0,0,0,0,0,0.00,0.00,0.00,0.00,0.00,0.00,0.00,0,0,0,0,0,0,0,0,0.00,0.00,0.00,0.00,0.00,0.00,0.00,0.00,0,0,0.00,0.00,0,0.00,0,0,0.00,0,0,0,0,0.00,0.00,0.00,0.00
2022-28,28,07/10/2022,07/16/2022,2021-2022,0,0,0,0,0,0,0,0,0.00,0.00,0.00,0.00,0.00,0.00,0.00,0,0,0,0,0,0,0,0,0.00,0.00,0.00,0.00,0.00,0.00,0.00,0.00,0,0,0.00,0.00,0,0.00,0,0,0.00,0,0,0,0,0.00,0.00,0.00,0.00
2022-29,29,07/17/2022,07/23/2022,2021-2022,0,0,0,0,0,0,0,0,0.00,0.00,0.00,0.00,0.00,0.00,0.00,0,0,0,0,0,0,0,0,0.00,0.00,0.00,0.00,0.00,0.00,0.00,0.00,0,0,0.00,0.00,1,0.00,0,0,0.00,0,0,0,0,0.00,0.00,0.00,0.00
2022-30,30,07/24/2022,07/30/2022,2021-2022,0,0,0,0,0,0,0,0,0.00,0.00,0.00,0.00,0.00,0.00,0.00,0,0,0,0,0,0,0,0,0.00,0.00,0.00,0.00,0.00,0.00,0.00,0.00,0,0,0.00,0.00,0,0.00,0,0,0.00,0,0,0,0,0.00,0.00,0.00,0.00
2022-31,31,07/31/2022,08/06/2022,2021-2022,0,0,0,0,0,0,0,0,0.00,0.00,0.00,0.00,0.00,0.00,0.00,0,0,0,0,0,0,0,0,0.00,0.00,0.00,0.00,0.00,0.00,0.00,0.00,0,0,0.00,0.00,0,0.00,0,0,0.00,0,0,0,0,0.00,0.00,0.00,0.00
2022-32,32,08/07/2022,08/13/2022,2021-2022,0,0,0,0,0,0,0,0,0.00,0.00,0.00,0.00,0.00,0.00,0.00,0,0,0,0,0,0,0,0,0.00,0.00,0.00,0.00,0.00,0.00,0.00,0.00,0,0,0.00,0.00,0,0.00,0,0,0.00,0,0,0,0,0.00,0.00,0.00,0.00
2022-33,33,08/14/2022,08/20/2022,2021-2022,0,0,0,0,0,0,0,0,0.00,0.00,0.00,0.00,0.00,0.00,0.00,0,0,0,0,0,0,0,0,0.00,0.00,0.00,0.00,0.00,0.00,0.00,0.00,0,0,0.00,0.00,0,0.00,0,0,0.00,0,0,0,0,0.00,0.00,0.00,0.00
2022-34,34,08/21/2022,08/27/2022,2021-2022,0,0,0,0,0,0,0,0,0.00,0.00,0.00,0.00,0.00,0.00,0.00,0,0,0,0,0,0,0,0,0.00,0.00,0.00,0.00,0.00,0.00,0.00,0.00,0,0,0.00,0.00,0,0.00,0,0,0.00,0,0,0,0,0.00,0.00,0.00,0.00
2022-35,35,08/28/2022,09/03/2022,2021-2022,0,0,0,0,0,0,0,0,0.00,0.00,0.00,0.00,0.00,0.00,0.00,0,0,0,0,0,0,0,0,0.00,0.00,0.00,0.00,0.00,0.00,0.00,0.00,0,0,0.00,0.00,0,0.00,0,0,0.00,0,0,0,0,0.00,0.00,0.00,0.00
2022-36,36,09/04/2022,09/10/2022,2021-2022,0,0,0,0,0,0,0,0,0.00,0.00,0.00,0.00,0.00,0.00,0.00,0,0,0,0,0,0,0,0,0.00,0.00,0.00,0.00,0.00,0.00,0.00,0.00,0,0,0.00,0.00,0,0.00,0,0,0.00,0,0,0,0,0.00,0.00,0.00,0.00
2022-37,37,09/11/2022,09/17/2022,2021-2022,0,0,0,0,0,0,0,0,0.00,0.00,0.00,0.00,0.00,0.00,0.00,0,0,0,0,0,0,0,0,0.00,0.00,0.00,0.00,0.00,0.00,0.00,0.00,0,0,0.00,0.00,0,0.00,0,0,0.00,0,0,0,0,0.00,0.00,0.00,0.00
2022-38,38,09/18/2022,09/24/2022,2021-2022,1,0,0,0,1,0,0,0,0.00,0.00,0.00,1.00,0.00,0.00,0.00,0,0,1,0,0,0,0,0,0.00,0.00,1.00,0.00,0.00,0.00,0.00,0.00,0,1,0.00,1.00,0,0.00,0,0,0.00,0,0,0,1,0.00,0.00,0.00,1.00
2022-39,39,09/25/2022,10/01/2022,2021-2022,0,0,0,0,0,0,0,0,0.00,0.00,0.00,0.00,0.00,0.00,0.00,0,0,0,0,0,0,0,0,0.00,0.00,0.00,0.00,0.00,0.00,0.00,0.00,0,0,0.00,0.00,0,0.00,0,0,0.00,0,0,0,0,0.00,0.00,0.00,0.00
2022-40,40,10/02/2022,10/08/2022,2022-2023,1,0,1,0,0,0,0,0,0.00,1.00,0.00,0.00,0.00,0.00,0.00,0,0,1,0,0,0,0,0,0.00,0.00,1.00,0.00,0.00,0.00,0.00,0.00,0,1,0.00,1.00,0,0.00,1,0,0.00,0,0,1,0,0.00,0.00,1.00,0.00
2022-41,41,10/09/2022,10/15/2022,2022-2023,0,0,0,0,0,0,0,0,0.00,0.00,0.00,0.00,0.00,0.00,0.00,0,0,0,0,0,0,0,0,0.00,0.00,0.00,0.00,0.00,0.00,0.00,0.00,0,0,0.00,0.00,0,0.00,0,0,0.00,0,0,0,0,0.00,0.00,0.00,0.00
2022-42,42,10/16/2022,10/22/2022,2022-2023,0,0,0,0,0,0,0,0,0.00,0.00,0.00,0.00,0.00,0.00,0.00,0,0,0,0,0,0,0,0,0.00,0.00,0.00,0.00,0.00,0.00,0.00,0.00,0,0,0.00,0.00,0,0.00,0,0,0.00,0,0,0,0,0.00,0.00,0.00,0.00
2022-43,43,10/23/2022,10/29/2022,2022-2023,3,0,0,0,0,2,1,0,0.00,0.00,0.00,0.00,0.67,0.33,0.00,1,2,0,0,0,0,0,0,0.33,0.67,0.00,0.00,0.00,0.00,0.00,0.00,3,0,1.00,0.00,0,0.00,3,0,0.00,0,3,0,0,0.00,1.00,0.00,0.00
2022-44,44,10/30/2022,11/05/2022,2022-2023,5,2,0,0,1,0,2,0,0.40,0.00,0.00,0.20,0.00,0.40,0.00,1,2,2,0,0,0,0,0,0.20,0.40,0.40,0.00,0.00,0.00,0.00,0.00,0,5,0.00,1.00,0,0.00,4,0,0.00,4,1,0,0,0.80,0.20,0.00,0.00
2022-45,45,11/06/2022,11/12/2022,2022-2023,6,1,0,0,0,0,5,0,0.17,0.00,0.00,0.00,0.00,0.83,0.00,1,4,1,0,0,0,0,0,0.17,0.67,0.17,0.00,0.00,0.00,0.00,0.00,4,2,0.67,0.33,1,0.17,6,1,0.17,1,5,0,0,0.17,0.83,0.00,0.00
2022-46,46,11/13/2022,11/19/2022,2022-2023,20,1,6,0,4,3,6,0,0.05,0.30,0.00,0.20,0.15,0.30,0.00,2,12,6,0,0,0,0,0,0.10,0.60,0.30,0.00,0.00,0.00,0.00,0.00,14,6,0.70,0.30,0,0.00,19,8,0.42,8,11,0,1,0.40,0.55,0.00,0.05
2022-47,47,11/20/2022,11/26/2022,2022-2023,34,5,9,3,2,2,13,0,0.15,0.26,0.09,0.06,0.06,0.38,0.00,3,22,8,0,0,0,0,1,0.09,0.65,0.24,0.00,0.00,0.00,0.00,0.03,16,18,0.47,0.53,1,0.03,29,6,0.21,12,22,0,0,0.35,0.65,0.00,0.00
2022-48,48,11/27/2022,12/03/2022,2022-2023,29,2,3,1,3,13,7,0,0.07,0.10,0.03,0.10,0.45,0.24,0.00,4,15,10,0,0,0,0,0,0.14,0.52,0.34,0.00,0.00,0.00,0.00,0.00,13,16,0.45,0.55,6,0.21,18,9,0.50,10,19,0,0,0.34,0.66,0.00,0.00
2022-49,49,12/04/2022,12/10/2022,2022-2023,33,4,4,1,4,7,13,0,0.12,0.12,0.03,0.12,0.21,0.39,0.00,4,18,10,1,0,0,0,0,0.12,0.55,0.30,0.03,0.00,0.00,0.00,0.00,20,13,0.61,0.39,9,0.27,20,13,0.65,14,15,0,4,0.42,0.45,0.00,0.12
2022-50,50,12/11/2022,12/17/2022,2022-2023,21,3,3,0,3,7,5,0,0.14,0.14,0.00,0.14,0.33,0.24,0.00,5,10,6,0,0,0,0,0,0.24,0.48,0.29,0.00,0.00,0.00,0.00,0.00,4,17,0.19,0.81,1,0.05,11,2,0.18,5,16,0,0,0.24,0.76,0.00,0.00
2022-51,51,12/18/2022,12/24/2022,2022-2023,18,5,1,0,4,3,5,0,0.28,0.06,0.00,0.22,0.17,0.28,0.00,3,8,6,0,0,0,0,1,0.17,0.44,0.33,0.00,0.00,0.00,0.00,0.06,7,11,0.39,0.61,0,0.00,11,7,0.64,8,8,2,0,0.44,0.44,0.11,0.00
2022-52,52,12/25/2022,12/31/2022,2022-2023,15,1,1,0,2,5,6,0,0.07,0.07,0.00,0.13,0.33,0.40,0.00,4,6,3,0,0,0,0,2,0.27,0.40,0.20,0.00,0.00,0.00,0.00,0.13,8,7,0.53,0.47,1,0.07,6,2,0.33,5,6,4,0,0.33,0.40,0.27,0.00
2023-01,1,01/01/2023,01/07/2023,2022-2023,3,0,0,0,0,1,2,0,0.00,0.00,0.00,0.00,0.33,0.67,0.00,1,2,0,0,0,0,0,0,0.33,0.67,0.00,0.00,0.00,0.00,0.00,0.00,1,2,0.33,0.67,0,0.00,1,1,1.00,0,2,0,1,0.00,0.67,0.00,0.33
2023-02,2,01/08/2023,01/14/2023,2022-2023,1,1,0,0,0,0,0,0,1.00,0.00,0.00,0.00,0.00,0.00,0.00,0,1,0,0,0,0,0,0,0.00,1.00,0.00,0.00,0.00,0.00,0.00,0.00,0,1,0.00,1.00,0,0.00,1,1,1.00,1,0,0,0,1.00,0.00,0.00,0.00
2023-03,3,01/15/2023,01/21/2023,2022-2023,0,0,0,0,0,0,0,0,0.00,0.00,0.00,0.00,0.00,0.00,0.00,0,0,0,0,0,0,0,0,0.00,0.00,0.00,0.00,0.00,0.00,0.00,0.00,0,0,0.00,0.00,0,0.00,0,0,0.00,0,0,0,0,0.00,0.00,0.00,0.00
2023-04,4,01/22/2023,01/28/2023,2022-2023,0,0,0,0,0,0,0,0,0.00,0.00,0.00,0.00,0.00,0.00,0.00,0,0,0,0,0,0,0,0,0.00,0.00,0.00,0.00,0.00,0.00,0.00,0.00,0,0,0.00,0.00,0,0.00,0,0,0.00,0,0,0,0,0.00,0.00,0.00,0.00
2023-05,5,01/29/2023,02/04/2023,2022-2023,0,0,0,0,0,0,0,0,0.00,0.00,0.00,0.00,0.00,0.00,0.00,0,0,0,0,0,0,0,0,0.00,0.00,0.00,0.00,0.00,0.00,0.00,0.00,0,0,0.00,0.00,0,0.00,0,0,0.00,0,0,0,0,0.00,0.00,0.00,0.00
2023-06,6,02/05/2023,02/11/2023,2022-2023,2,0,0,0,0,1,1,0,0.00,0.00,0.00,0.00,0.50,0.50,0.00,1,1,0,0,0,0,0,0,0.50,0.50,0.00,0.00,0.00,0.00,0.00,0.00,2,0,1.00,0.00,0,0.00,0,0,0.00,0,1,0,1,0.00,0.50,0.00,0.50
2023-07,7,02/12/2023,02/18/2023,2022-2023,2,0,0,0,1,0,1,0,0.00,0.00,0.00,0.50,0.00,0.50,0.00,0,2,0,0,0,0,0,0,0.00,1.00,0.00,0.00,0.00,0.00,0.00,0.00,1,1,0.50,0.50,0,0.00,0,0,0.00,0,1,0,1,0.00,0.50,0.00,0.50
2023-08,8,02/19/2023,02/25/2023,2022-2023,1,0,0,0,0,0,1,0,0.00,0.00,0.00,0.00,0.00,1.00,0.00,0,0,1,0,0,0,0,0,0.00,0.00,1.00,0.00,0.00,0.00,0.00,0.00,0,1,0.00,1.00,0,0.00,1,0,0.00,0,0,0,1,0.00,0.00,0.00,1.00
2023-09,9,02/26/2023,03/04/2023,2022-2023,0,0,0,0,0,0,0,0,0.00,0.00,0.00,0.00,0.00,0.00,0.00,0,0,0,0,0,0,0,0,0.00,0.00,0.00,0.00,0.00,0.00,0.00,0.00,0,0,0.00,0.00,0,0.00,0,0,0.00,0,0,0,0,0.00,0.00,0.00,0.00
2023-10,10,03/05/2023,03/11/2023,2022-2023,1,0,0,0,0,0,1,0,0.00,0.00,0.00,0.00,0.00,1.00,0.00,0,1,0,0,0,0,0,0,0.00,1.00,0.00,0.00,0.00,0.00,0.00,0.00,1,0,1.00,0.00,1,1.00,0,0,0.00,0,0,0,1,0.00,0.00,0.00,1.00
2023-11,11,03/12/2023,03/18/2023,2022-2023,1,0,1,0,0,0,0,0,0.00,1.00,0.00,0.00,0.00,0.00,0.00,0,1,0,0,0,0,0,0,0.00,1.00,0.00,0.00,0.00,0.00,0.00,0.00,0,1,0.00,1.00,0,0.00,0,0,0.00,0,0,0,1,0.00,0.00,0.00,1.00
2023-12,12,03/19/2023,03/25/2023,2022-2023,1,0,0,0,0,1,0,0,0.00,0.00,0.00,0.00,1.00,0.00,0.00,0,1,0,0,0,0,0,0,0.00,1.00,0.00,0.00,0.00,0.00,0.00,0.00,0,1,0.00,1.00,0,0.00,1,0,0.00,1,0,0,0,1.00,0.00,0.00,0.00
2023-13,13,03/26/2023,04/01/2023,2022-2023,0,0,0,0,0,0,0,0,0.00,0.00,0.00,0.00,0.00,0.00,0.00,0,0,0,0,0,0,0,0,0.00,0.00,0.00,0.00,0.00,0.00,0.00,0.00,0,0,0.00,0.00,0,0.00,0,0,0.00,0,0,0,0,0.00,0.00,0.00,0.00
2023-14,14,04/02/2023,04/08/2023,2022-2023,1,0,0,0,0,1,0,0,0.00,0.00,0.00,0.00,1.00,0.00,0.00,0,0,1,0,0,0,0,0,0.00,0.00,1.00,0.00,0.00,0.00,0.00,0.00,0,1,0.00,1.00,0,0.00,0,0,0.00,0,0,0,1,0.00,0.00,0.00,1.00
2023-15,15,04/09/2023,04/15/2023,2022-2023,0,0,0,0,0,0,0,0,0.00,0.00,0.00,0.00,0.00,0.00,0.00,0,0,0,0,0,0,0,0,0.00,0.00,0.00,0.00,0.00,0.00,0.00,0.00,0,0,0.00,0.00,0,0.00,0,0,0.00,0,0,0,0,0.00,0.00,0.00,0.00
2023-16,16,04/16/2023,04/22/2023,2022-2023,0,0,0,0,0,0,0,0,0.00,0.00,0.00,0.00,0.00,0.00,0.00,0,0,0,0,0,0,0,0,0.00,0.00,0.00,0.00,0.00,0.00,0.00,0.00,0,0,0.00,0.00,0,0.00,0,0,0.00,0,0,0,0,0.00,0.00,0.00,0.00
2023-17,17,04/23/2023,04/29/2023,2022-2023,0,0,0,0,0,0,0,0,0.00,0.00,0.00,0.00,0.00,0.00,0.00,0,0,0,0,0,0,0,0,0.00,0.00,0.00,0.00,0.00,0.00,0.00,0.00,0,0,0.00,0.00,0,0.00,0,0,0.00,0,0,0,0,0.00,0.00,0.00,0.00
2023-18,18,04/30/2023,05/06/2023,2022-2023,1,1,0,0,0,0,0,0,1.00,0.00,0.00,0.00,0.00,0.00,0.00,0,1,0,0,0,0,0,0,0.00,1.00,0.00,0.00,0.00,0.00,0.00,0.00,1,0,1.00,0.00,0,0.00,0,0,0.00,0,0,0,1,0.00,0.00,0.00,1.00
2023-19,19,05/07/2023,05/13/2023,2022-2023,1,0,0,0,1,0,0,0,0.00,0.00,0.00,1.00,0.00,0.00,0.00,0,1,0,0,0,0,0,0,0.00,1.00,0.00,0.00,0.00,0.00,0.00,0.00,1,0,1.00,0.00,0,0.00,0,0,0.00,0,0,1,0,0.00,0.00,1.00,0.00
2023-20,20,05/14/2023,05/20/2023,2022-2023,1,0,1,0,0,0,0,0,0.00,1.00,0.00,0.00,0.00,0.00,0.00,0,1,0,0,0,0,0,0,0.00,1.00,0.00,0.00,0.00,0.00,0.00,0.00,0,1,0.00,1.00,0,0.00,1,0,0.00,0,0,0,1,0.00,0.00,0.00,1.00
2023-21,21,05/21/2023,05/27/2023,2022-2023,0,0,0,0,0,0,0,0,0.00,0.00,0.00,0.00,0.00,0.00,0.00,0,0,0,0,0,0,0,0,0.00,0.00,0.00,0.00,0.00,0.00,0.00,0.00,0,0,0.00,0.00,0,0.00,0,0,0.00,0,0,0,0,0.00,0.00,0.00,0.00
2023-22,22,05/28/2023,06/03/2023,2022-2023,1,0,0,0,0,0,1,0,0.00,0.00,0.00,0.00,0.00,1.00,0.00,0,1,0,0,0,0,0,0,0.00,1.00,0.00,0.00,0.00,0.00,0.00,0.00,1,0,1.00,0.00,0,0.00,0,0,0.00,0,0,0,1,0.00,0.00,0.00,1.00
2023-23,23,06/04/2023,06/10/2023,2022-2023,1,0,0,1,0,0,0,0,0.00,0.00,1.00,0.00,0.00,0.00,0.00,0,1,0,0,0,0,0,0,0.00,1.00,0.00,0.00,0.00,0.00,0.00,0.00,0,1,0.00,1.00,0,0.00,1,0,0.00,0,1,0,0,0.00,1.00,0.00,0.00
2023-24,24,06/11/2023,06/17/2023,2022-2023,0,0,0,0,0,0,0,0,0.00,0.00,0.00,0.00,0.00,0.00,0.00,0,0,0,0,0,0,0,0,0.00,0.00,0.00,0.00,0.00,0.00,0.00,0.00,0,0,0.00,0.00,0,0.00,0,0,0.00,0,0,0,0,0.00,0.00,0.00,0.00
2023-25,25,06/18/2023,06/24/2023,2022-2023,0,0,0,0,0,0,0,0,0.00,0.00,0.00,0.00,0.00,0.00,0.00,0,0,0,0,0,0,0,0,0.00,0.00,0.00,0.00,0.00,0.00,0.00,0.00,0,0,0.00,0.00,0,0.00,0,0,0.00,0,0,0,0,0.00,0.00,0.00,0.00
2023-26,26,06/25/2023,07/01/2023,2022-2023,1,0,0,1,0,0,0,0,0.00,0.00,1.00,0.00,0.00,0.00,0.00,0,1,0,0,0,0,0,0,0.00,1.00,0.00,0.00,0.00,0.00,0.00,0.00,1,0,1.00,0.00,0,0.00,1,0,0.00,0,0,0,1,0.00,0.00,0.00,1.00
2023-27,27,07/02/2023,07/08/2023,2022-2023,0,0,0,0,0,0,0,0,0.00,0.00,0.00,0.00,0.00,0.00,0.00,0,0,0,0,0,0,0,0,0.00,0.00,0.00,0.00,0.00,0.00,0.00,0.00,0,0,0.00,0.00,0,0.00,0,0,0.00,0,0,0,0,0.00,0.00,0.00,0.00
2023-28,28,07/09/2023,07/15/2023,2022-2023,0,0,0,0,0,0,0,0,0.00,0.00,0.00,0.00,0.00,0.00,0.00,0,0,0,0,0,0,0,0,0.00,0.00,0.00,0.00,0.00,0.00,0.00,0.00,0,0,0.00,0.00,0,0.00,0,0,0.00,0,0,0,0,0.00,0.00,0.00,0.00
2023-29,29,07/16/2023,07/22/2023,2022-2023,0,0,0,0,0,0,0,0,0.00,0.00,0.00,0.00,0.00,0.00,0.00,0,0,0,0,0,0,0,0,0.00,0.00,0.00,0.00,0.00,0.00,0.00,0.00,0,0,0.00,0.00,0,0.00,0,0,0.00,0,0,0,0,0.00,0.00,0.00,0.00
2023-30,30,07/23/2023,07/29/2023,2022-2023,0,0,0,0,0,0,0,0,0.00,0.00,0.00,0.00,0.00,0.00,0.00,0,0,0,0,0,0,0,0,0.00,0.00,0.00,0.00,0.00,0.00,0.00,0.00,0,0,0.00,0.00,0,0.00,0,0,0.00,0,0,0,0,0.00,0.00,0.00,0.00
2023-31,31,07/30/2023,08/05/2023,2022-2023,0,0,0,0,0,0,0,0,0.00,0.00,0.00,0.00,0.00,0.00,0.00,0,0,0,0,0,0,0,0,0.00,0.00,0.00,0.00,0.00,0.00,0.00,0.00,0,0,0.00,0.00,0,0.00,0,0,0.00,0,0,0,0,0.00,0.00,0.00,0.00
2023-32,32,08/06/2023,08/12/2023,2022-2023,0,0,0,0,0,0,0,0,0.00,0.00,0.00,0.00,0.00,0.00,0.00,0,0,0,0,0,0,0,0,0.00,0.00,0.00,0.00,0.00,0.00,0.00,0.00,0,0,0.00,0.00,0,0.00,0,0,0.00,0,0,0,0,0.00,0.00,0.00,0.00
2023-33,33,08/13/2023,08/19/2023,2022-2023,0,0,0,0,0,0,0,0,0.00,0.00,0.00,0.00,0.00,0.00,0.00,0,0,0,0,0,0,0,0,0.00,0.00,0.00,0.00,0.00,0.00,0.00,0.00,0,0,0.00,0.00,0,0.00,0,0,0.00,0,0,0,0,0.00,0.00,0.00,0.00
2023-34,34,08/20/2023,08/26/2023,2022-2023,0,0,0,0,0,0,0,0,0.00,0.00,0.00,0.00,0.00,0.00,0.00,0,0,0,0,0,0,0,0,0.00,0.00,0.00,0.00,0.00,0.00,0.00,0.00,0,0,0.00,0.00,0,0.00,0,0,0.00,0,0,0,0,0.00,0.00,0.00,0.00
2023-35,35,08/27/2023,09/02/2023,2022-2023,0,0,0,0,0,0,0,0,0.00,0.00,0.00,0.00,0.00,0.00,0.00,0,0,0,0,0,0,0,0,0.00,0.00,0.00,0.00,0.00,0.00,0.00,0.00,0,0,0.00,0.00,0,0.00,0,0,0.00,0,0,0,0,0.00,0.00,0.00,0.00
2023-36,36,09/03/2023,09/09/2023,2022-2023,1,0,0,0,0,0,1,0,0.00,0.00,0.00,0.00,0.00,1.00,0.00,0,0,1,0,0,0,0,0,0.00,0.00,1.00,0.00,0.00,0.00,0.00,0.00,0,1,0.00,1.00,1,1.00,1,1,1.00,0,0,0,1,0.00,0.00,0.00,1.00
2023-37,37,09/10/2023,09/16/2023,2022-2023,1,0,0,0,1,0,0,0,0.00,0.00,0.00,1.00,0.00,0.00,0.00,0,0,1,0,0,0,0,0,0.00,0.00,1.00,0.00,0.00,0.00,0.00,0.00,0,1,0.00,1.00,0,0.00,1,1,1.00,0,0,0,1,0.00,0.00,0.00,1.00
2023-38,38,09/17/2023,09/23/2023,2022-2023,0,0,0,0,0,0,0,0,0.00,0.00,0.00,0.00,0.00,0.00,0.00,0,0,0,0,0,0,0,0,0.00,0.00,0.00,0.00,0.00,0.00,0.00,0.00,0,0,0.00,0.00,0,0.00,0,0,0.00,0,0,0,0,0.00,0.00,0.00,0.00
2023-39,39,09/24/2023,09/30/2023,2022-2023,0,0,0,0,0,0,0,0,0.00,0.00,0.00,0.00,0.00,0.00,0.00,0,0,0,0,0,0,0,0,0.00,0.00,0.00,0.00,0.00,0.00,0.00,0.00,0,0,0.00,0.00,0,0.00,0,0,0.00,0,0,0,0,0.00,0.00,0.00,0.00
2023-40,40,10/01/2023,10/07/2023,2023-2024,0,0,0,0,0,0,0,0,0.00,0.00,0.00,0.00,0.00,0.00,0.00,0,0,0,0,0,0,0,0,0.00,0.00,0.00,0.00,0.00,0.00,0.00,0.00,0,0,0.00,0.00,0,0.00,0,0,0.00,0,0,0,0,0.00,0.00,0.00,0.00
2023-41,41,10/08/2023,10/14/2023,2023-2024,0,0,0,0,0,0,0,0,0.00,0.00,0.00,0.00,0.00,0.00,0.00,0,0,0,0,0,0,0,0,0.00,0.00,0.00,0.00,0.00,0.00,0.00,0.00,0,0,0.00,0.00,0,0.00,0,0,0.00,0,0,0,0,0.00,0.00,0.00,0.00
2023-42,42,10/15/2023,10/21/2023,2023-2024,2,0,1,0,0,1,0,0,0.00,0.50,0.00,0.00,0.50,0.00,0.00,0,1,1,0,0,0,0,0,0.00,0.50,0.50,0.00,0.00,0.00,0.00,0.00,1,1,0.50,0.50,0,0.00,1,1,1.00,0,2,0,0,0.00,1.00,0.00,0.00
2023-43,43,10/22/2023,10/28/2023,2023-2024,1,0,1,0,0,0,0,0,0.00,1.00,0.00,0.00,0.00,0.00,0.00,0,0,1,0,0,0,0,0,0.00,0.00,1.00,0.00,0.00,0.00,0.00,0.00,1,0,1.00,0.00,0,0.00,1,1,1.00,0,1,0,0,0.00,1.00,0.00,0.00
2023-44,44,10/29/2023,11/04/2023,2023-2024,0,0,0,0,0,0,0,0,0.00,0.00,0.00,0.00,0.00,0.00,0.00,0,0,0,0,0,0,0,0,0.00,0.00,0.00,0.00,0.00,0.00,0.00,0.00,0,0,0.00,0.00,0,0.00,0,0,0.00,0,0,0,0,0.00,0.00,0.00,0.00
2023-45,45,11/05/2023,11/11/2023,2023-2024,1,0,0,0,0,0,1,0,0.00,0.00,0.00,0.00,0.00,1.00,0.00,0,1,0,0,0,0,0,0,0.00,1.00,0.00,0.00,0.00,0.00,0.00,0.00,1,0,1.00,0.00,0,0.00,0,0,0.00,0,0,1,0,0.00,0.00,1.00,0.00
2023-46,46,11/12/2023,11/18/2023,2023-2024,6,0,1,0,0,2,3,0,0.00,0.17,0.00,0.00,0.33,0.50,0.00,0,3,2,1,0,0,0,0,0.00,0.50,0.33,0.17,0.00,0.00,0.00,0.00,4,2,0.67,0.33,0,0.00,4,3,0.75,2,2,2,0,0.33,0.33,0.33,0.00
2023-47,47,11/19/2023,11/25/2023,2023-2024,8,0,2,0,3,2,1,0,0.00,0.25,0.00,0.38,0.25,0.12,0.00,1,7,0,0,0,0,0,0,0.12,0.88,0.00,0.00,0.00,0.00,0.00,0.00,4,4,0.50,0.50,1,0.12,4,1,0.25,1,1,5,1,0.12,0.12,0.62,0.12
2023-48,48,11/26/2023,12/02/2023,2023-2024,11,1,0,0,1,1,8,0,0.09,0.00,0.00,0.09,0.09,0.73,0.00,4,1,4,1,0,0,1,0,0.36,0.09,0.36,0.09,0.00,0.00,0.09,0.00,5,6,0.45,0.55,0,0.00,5,2,0.40,3,4,1,3,0.27,0.36,0.09,0.27
2023-49,49,12/03/2023,12/09/2023,2023-2024,12,0,0,0,3,6,3,0,0.00,0.00,0.00,0.25,0.50,0.25,0.00,2,7,3,0,0,0,0,0,0.17,0.58,0.25,0.00,0.00,0.00,0.00,0.00,6,6,0.50,0.50,1,0.08,4,0,0.00,2,7,3,0,0.17,0.58,0.25,0.00
2023-50,50,12/10/2023,12/16/2023,2023-2024,20,0,2,1,2,6,9,0,0.00,0.10,0.05,0.10,0.30,0.45,0.00,4,10,5,0,0,0,0,1,0.20,0.50,0.25,0.00,0.00,0.00,0.00,0.05,11,8,0.55,0.40,4,0.20,10,3,0.30,0,11,8,1,0.00,0.55,0.40,0.05
2023-51,51,12/17/2023,12/23/2023,2023-2024,34,6,3,0,6,12,7,0,0.18,0.09,0.00,0.18,0.35,0.21,0.00,8,18,4,1,0,0,1,2,0.24,0.53,0.12,0.03,0.00,0.00,0.03,0.06,16,18,0.47,0.53,1,0.03,22,7,0.32,10,17,6,1,0.29,0.50,0.18,0.03
2024-01,1,12/31/2023,01/06/2024,2023-2024,27,1,1,0,4,8,13,0,0.04,0.04,0.00,0.15,0.30,0.48,0.00,4,13,7,0,0,0,1,2,0.15,0.48,0.26,0.00,0.00,0.00,0.04,0.07,18,9,0.67,0.33,2,0.07,11,6,0.55,5,18,2,2,0.19,0.67,0.07,0.07
2024-03,3,01/14/2024,01/20/2024,2023-2024,11,0,1,0,1,2,7,0,0.00,0.09,0.00,0.09,0.18,0.64,0.00,1,8,1,1,0,0,0,0,0.09,0.73,0.09,0.09,0.00,0.00,0.00,0.00,5,6,0.45,0.55,0,0.00,6,3,0.50,1,9,0,1,0.09,0.82,0.00,0.09
2024-02,2,01/07/2024,01/13/2024,2023-2024,23,1,0,0,4,9,9,0,0.04,0.00,0.00,0.17,0.39,0.39,0.00,9,12,2,0,0,0,0,0,0.39,0.52,0.09,0.00,0.00,0.00,0.00,0.00,12,11,0.52,0.48,1,0.04,10,5,0.50,4,10,8,1,0.17,0.43,0.35,0.04
2024-05,5,01/28/2024,02/03/2024,2023-2024,5,0,0,0,2,1,2,0,0.00,0.00,0.00,0.40,0.20,0.40,0.00,1,2,1,1,0,0,0,0,0.20,0.40,0.20,0.20,0.00,0.00,0.00,0.00,1,4,0.20,0.80,0,0.00,5,3,0.60,1,2,0,2,0.20,0.40,0.00,0.40
2024-06,6,02/04/2024,02/10/2024,2023-2024,6,0,0,0,1,0,5,0,0.00,0.00,0.00,0.17,0.00,0.83,0.00,3,2,1,0,0,0,0,0,0.50,0.33,0.17,0.00,0.00,0.00,0.00,0.00,3,3,0.50,0.50,1,0.17,4,2,0.50,0,3,2,1,0.00,0.50,0.33,0.17
2023-52,52,12/24/2023,12/30/2023,2023-2024,33,4,0,0,6,10,13,0,0.12,0.00,0.00,0.18,0.30,0.39,0.00,6,15,10,1,0,0,1,0,0.18,0.45,0.30,0.03,0.00,0.00,0.03,0.00,17,16,0.52,0.48,1,0.03,21,10,0.48,2,21,8,2,0.06,0.64,0.24,0.06
2024-29,29,07/14/2024,07/20/2024,2023-2024,0,0,0,0,0,0,0,0,0.00,0.00,0.00,0.00,0.00,0.00,0.00,0,0,0,0,0,0,0,0,0.00,0.00,0.00,0.00,0.00,0.00,0.00,0.00,0,0,0.00,0.00,0,0.00,0,0,0.00,0,0,0,0,0.00,0.00,0.00,0.00
2024-30,30,07/21/2024,07/27/2024,2023-2024,0,0,0,0,0,0,0,0,0.00,0.00,0.00,0.00,0.00,0.00,0.00,0,0,0,0,0,0,0,0,0.00,0.00,0.00,0.00,0.00,0.00,0.00,0.00,0,0,0.00,0.00,0,0.00,0,0,0.00,0,0,0,0,0.00,0.00,0.00,0.00
2024-31,31,07/28/2024,08/03/2024,2023-2024,0,0,0,0,0,0,0,0,0.00,0.00,0.00,0.00,0.00,0.00,0.00,0,0,0,0,0,0,0,0,0.00,0.00,0.00,0.00,0.00,0.00,0.00,0.00,0,0,0.00,0.00,0,0.00,0,0,0.00,0,0,0,0,0.00,0.00,0.00,0.00
2024-32,32,08/04/2024,08/10/2024,2023-2024,0,0,0,0,0,0,0,0,0.00,0.00,0.00,0.00,0.00,0.00,0.00,0,0,0,0,0,0,0,0,0.00,0.00,0.00,0.00,0.00,0.00,0.00,0.00,0,0,0.00,0.00,0,0.00,0,0,0.00,0,0,0,0,0.00,0.00,0.00,0.00
2024-33,33,08/11/2024,08/17/2024,2023-2024,0,0,0,0,0,0,0,0,0.00,0.00,0.00,0.00,0.00,0.00,0.00,0,0,0,0,0,0,0,0,0.00,0.00,0.00,0.00,0.00,0.00,0.00,0.00,0,0,0.00,0.00,0,0.00,0,0,0.00,0,0,0,0,0.00,0.00,0.00,0.00
2024-34,34,08/18/2024,08/24/2024,2023-2024,0,0,0,0,0,0,0,0,0.00,0.00,0.00,0.00,0.00,0.00,0.00,0,0,0,0,0,0,0,0,0.00,0.00,0.00,0.00,0.00,0.00,0.00,0.00,0,0,0.00,0.00,0,0.00,0,0,0.00,0,0,0,0,0.00,0.00,0.00,0.00
2024-35,35,08/25/2024,08/31/2024,2023-2024,0,0,0,0,0,0,0,0,0.00,0.00,0.00,0.00,0.00,0.00,0.00,0,0,0,0,0,0,0,0,0.00,0.00,0.00,0.00,0.00,0.00,0.00,0.00,0,0,0.00,0.00,0,0.00,0,0,0.00,0,0,0,0,0.00,0.00,0.00,0.00
2024-36,36,09/01/2024,09/07/2024,2023-2024,1,0,0,0,1,0,0,0,0.00,0.00,0.00,1.00,0.00,0.00,0.00,0,0,1,0,0,0,0,0,0.00,0.00,1.00,0.00,0.00,0.00,0.00,0.00,1,0,1.00,0.00,0,0.00,0,0,0.00,0,1,0,0,0.00,1.00,0.00,0.00
2024-37,37,09/08/2024,09/14/2024,2023-2024,1,0,0,1,0,0,0,0,0.00,0.00,1.00,0.00,0.00,0.00,0.00,0,0,1,0,0,0,0,0,0.00,0.00,1.00,0.00,0.00,0.00,0.00,0.00,0,1,0.00,1.00,0,0.00,0,0,0.00,0,0,0,1,0.00,0.00,0.00,1.00
2024-39,39,09/22/2024,09/28/2024,2023-2024,0,0,0,0,0,0,0,0,0.00,0.00,0.00,0.00,0.00,0.00,0.00,0,0,0,0,0,0,0,0,0.00,0.00,0.00,0.00,0.00,0.00,0.00,0.00,0,0,0.00,0.00,0,0.00,0,0,0.00,0,0,0,0,0.00,0.00,0.00,0.00
